Procurement Reference (Mandatory for Third Party - 1° Tier Vendor)  or IBM identification Nbr.|Entity Name (IBM or Third Party vendor)|Country|Is there further sub-contracting to second or third tier vendors? If so  please provide the full names and full address of 2nd or 3rd tier vendors|Tool Name/Tool Reference|In what category is the Vendor s Service Description ? (using the categories in GSAR (Global Solution Architecture Repository))|On boarding|Off-Boarding|Tool Owner|Assesment Owner|NOTE|Does this Vendor Process Client Controlled PD ?Yes / No|Full Supplier Address|Assessment|vendor Gour
1000433014|JAMF SOFTWARE LLC|NETHERLANDS|N/A|Jamf Pro|Mobility Services Delivery; Managed Mobility and Workplace Support Services|7/28/2015||Moshe Maishlish|Moshe Maishlish||Yes (for Cloud)|100 WASHINGTON AVE S SUITE 1100  55401-2155  MINNEAPOLIS    -    NETHERLANDS|Potential High Risk|JAMF SOFTWARE LLC
1000433014|JAMF SOFTWARE LLC|UNITED STATES|N/A|Jamf Pro|Mobility Services Delivery; Managed Mobility and Workplace Support Services|7/28/2015||Moshe Maishlish|Moshe Maishlish||Yes (for Cloud)|100 WASHINGTON AVE S SUITE 1100  55401-2155  MINNEAPOLIS    -    UNITED STATES|Potential High Risk|JAMF SOFTWARE LLC
1000440257|LAKESIDE SOFTWARE EMEA LTD|NETHERLANDS|N/A|Systrack|Mobility Services Delivery; Managed Mobility and Workplace Support Services|||Moshe Maishlish|Moshe Maishlish||Yes (for Cloud)|59 60 THAMES STREET  SL4 1TX  WINDSOR    -    NETHERLANDS|Potential High Risk|LAKESIDE SOFTWARE
1000352810|LAKESIDE SOFTWARE INC|NETHERLANDS|N/A|Systrack|Mobility Services Delivery; Managed Mobility and Workplace Support Services|||Moshe Maishlish|Moshe Maishlish||Yes (for Cloud)|40950 WOODWARD AVE SUITE 200  48304-5127  BLOOMFIELD HILLS    -    NETHERLANDS|Potential High Risk|LAKESIDE SOFTWARE
1000352810|LAKESIDE SOFTWARE INC|UNITED STATES|N/A|Systrack|Mobility Services Delivery; Managed Mobility and Workplace Support Services|||Moshe Maishlish|Moshe Maishlish|||40950 WOODWARD AVE SUITE 200  48304-5127  BLOOMFIELD HILLS    -    UNITED STATES|Potential High Risk|LAKESIDE SOFTWARE
1000122409|MICROSOFT|UNITED STATES|N/A|MDT|Mobility Services Delivery; Managed Mobility and Workplace Support Services|||Adam Kotlinski|Adam Kotlinski|||BLANK  30384-8208  ATLANTA    -    UNITED STATES|Special Vendor|Microsoft
1000443105|MICROSOFT CORP|UNITED STATES|N/A|MDT|Mobility Services Delivery; Managed Mobility and Workplace Support Services|||Adam Kotlinski|Adam Kotlinski|||ONE MICROSOFT WAY  98052-6399      -    UNITED STATES|Special Vendor|Microsoft
1000397442|MICROSOFT CORPORATION INDIA PVT LTD|UNITED STATES|N/A|MDT|Mobility Services Delivery; Managed Mobility and Workplace Support Services|||Adam Kotlinski|Adam Kotlinski|||LEVEL 10 TOWER C EPITOME BUILDING  122002  GURGAON    -    UNITED STATES|Special Vendor|Microsoft
1000122409|MICROSOFT|UNITED STATES|N/A|WDS|Mobility Services Delivery; Managed Mobility and Workplace Support Services|||Adam Kotlinski|Adam Kotlinski|||BLANK  30384-8208  ATLANTA    -    UNITED STATES|Special Vendor|Microsoft
1000443105|MICROSOFT CORP|UNITED STATES|N/A|WDS|Mobility Services Delivery; Managed Mobility and Workplace Support Services|||Adam Kotlinski|Adam Kotlinski|||ONE MICROSOFT WAY  98052-6399      -    UNITED STATES|Special Vendor|Microsoft
1000397442|MICROSOFT CORPORATION INDIA PVT LTD|UNITED STATES|N/A|WDS|Mobility Services Delivery; Managed Mobility and Workplace Support Services|||Adam Kotlinski|Adam Kotlinski|||LEVEL 10 TOWER C EPITOME BUILDING  122002  GURGAON    -    UNITED STATES|Special Vendor|Microsoft
1000404384|MOBILE IRON INC|UNITED STATES|N/A|MobileIron|Mobility Services Delivery; Managed Mobility and Workplace Support Services|||Adam Kotlinski|Adam Kotlinski|||415 EAST MIDDLEFIELD RD  94043-4005  MOUNTAIN VIEW    -    UNITED STATES|Potential High Risk|MOBILE IRON INC
1000266358|FIBERLINK COMMUNICATIONS|UNITED STATES|N/A|Fiberlink MaaS360|Mobility Services Delivery; Managed Mobility and Workplace Support Services|||Adam Kotlinski|Adam Kotlinski|||BLANK  75312-3012  DALLAS    -    UNITED STATES|Potential High Risk|FIBERLINK COMMUNICATIONS
1000319666|CITRIX SYSTEMS|UNITED STATES|N/A|Citrix XenDesktop|Mobility Services Delivery; Managed Mobility and Workplace Support Services|||Adam Kotlinski|Adam Kotlinski|||851 WEST CYPRESS CREEK RD  33309-2040  FORT LAUDERDALE    -    UNITED STATES|Special Vendor|Citrix
1000084601|CITRIX SYSTEMS INC|UNITED STATES|N/A|Citrix XenDesktop|Mobility Services Delivery; Managed Mobility and Workplace Support Services|||Adam Kotlinski|Adam Kotlinski|||6400 NW 6TH WAY  33309-6173  FORT LAUDERDALE    -    UNITED STATES|Special Vendor|Citrix
1000086976|CITRIX SYSTEMS  INC.|UNITED STATES|N/A|Citrix XenDesktop|Mobility Services Delivery; Managed Mobility and Workplace Support Services|||Adam Kotlinski|Adam Kotlinski|||PO BOX 931686  31193-1686      -    UNITED STATES|Special Vendor|Citrix
1000169374|VMWARE INC|UNITED STATES|N/A|AirWatch|Mobility Services Delivery; Managed Mobility and Workplace Support Services|||Adam Kotlinski|Adam Kotlinski||Yes|3145 PORTER DR BLDG F  94304-1241  PALO ALTO    -    UNITED STATES|Potential High Risk|VMWARE INC
1000432941|CONTINUITY LOGIC LLC|UNITED STATES|SOFTLAYER - unknown which Softlayer entitiy CL has contracted with.  Softlayer does the hosting for Continuity Logics SaaS offering.|FrontLine Live|Software & hosting (SaaS) for tooling that facilitates building / maintaining of DR Plans for clients who have outsourced their DR Program Mgmt to IBM.|2/20/2017|2/16/2020|Primary: Lind  Cynthia Backup: Petruzzi  Theresa Mgr: Fitch  Natalie|We contract with Continuity Logic for licensing and support  and hosting of their tool: FrontLine Live.  THEY contract with IBM Softlayer to do the actual hosting.  I have no way of knowing which Softlayer entity or entitiies they contract with.  We are currently hosted in the USA. Off-boarding note: Current contract w Continuity Logic runs thorugh 2/16/2020  but fully expect that the contract would be renewed for another 3 years.|||55 LANE ROAD  07004-1018  FAIRFIELD    -    UNITED STATES|Potential High Risk|CONTINUITY LOGIC LLC
IBM_IMP0002|IBM Argentina Sociedad de Responsabilidad Limitada|Argentina|N/A|FrontLine Live|Infrastructure and Resiliency; Disaster Recovery and Resiliency Services|1/1/2006|12/31/2020||Included as a vendor because DR Program Mgmt support for some of the US-based clients has been outsourced to IBM Argentina.   The global teams follow our standards and processes and use our tooling (FrontLine Live). On-boarding note: I dont recall the date we first began outsourcing to other geos.... though it was probably some time in the mid 2000s.  I put 1/1/2006 as a guess. Off-boarding note: Their support is ongoing  though the tool requires a date here. I put 12/31/2020.|||Pasaje Ingeniero Enrique Butty 275  piso 21  Buenos Aires   C1001AFA  -   Argentina|Part of IBM Group|IBM Group
IBM_IMP0096|IBM India Private Limited|India|N/A|FrontLine Live|Infrastructure and Resiliency; Disaster Recovery and Resiliency Services|1/1/2006|12/31/2020||Included as a vendor because DR Program Mgmt support for some of the US-based clients has been outsourced to IBM India.   The global teams follow our standards and processes and use our tooling (FrontLine Live). On-boarding note: I dont recall the date we first began outsourcing to other geos.... though it was probably some time in the mid 2000s.  I put 1/1/2006 as a guess. Off-boarding note: Their support is ongoing  though the tool requires a date here. I put 12/31/2020.|||No.12  Subramanya Arcade  Bannerghatta Main Road  Bangaluru - 560029  -   India|Part of IBM Group|IBM Group
?|IBM Brazil:  IBM Brasil - Indústria  Máquinas e Serviços Ltda|Brazil|N/A|FrontLine Live|Infrastructure and Resiliency; Disaster Recovery and Resiliency Services|1/1/2006|12/31/2020||Included as a vendor  EVEN THOUGH it is NOT on the GTS Vendor DB tab   because DR Program Mgmt support for some of the US-based clients has been outsourced to IBM Brazil.   The global teams follow our standards and processes and use our tooling (FrontLine Live). On-boarding note: I dont recall the date we first began outsourcing to other geos.... though it was probably some time in the mid 2000s.  I put 1/1/2006 as a guess. Off-boarding note: Their support is ongoing  though the tool requires a date here. I put 12/31/2020.|||Rua Tutóia  1157 Paraíso – São Paulo/SP  04007-900  CNPJ: 33.372.251/0126-77 Insc.Estadual : 102.631.940.110 Insc.Municipal: 1.011.744.0|Part of IBM Group|IBM Group
IBM_EXP0119|IBM Poland:  IBM Global Services Delivery Centre Polska Sp. z.o.o.|  Poland|N/A|FrontLine Live|Infrastructure and Resiliency; Disaster Recovery and Resiliency Services|1/1/2006|12/31/2020||Included as a vendor  EVEN THOUGH it is NOT on the GTS Vendor DB tab   because DR Program Mgmt support for some of the US-based clients has been outsourced to IBM Poland.   The global teams follow our standards and processes and use our tooling (FrontLine Live). On-boarding note: I dont recall the date we first began outsourcing to other geos.... though it was probably some time in the mid 2000s.  I put 1/1/2006 as a guess. Off-boarding note: Their support is ongoing  though the tool requires a date here. I put 12/31/2020.|||ul. Muchoborska 8  54-424 Wrocławul. Krakowiakow 32  02 - 255 Warszawa  -  Poland|Part of IBM Group|IBM Group
1000258866|PERSISTENT|INDIA|N/A|GIAMA - Global Identity & Access Management Automation|Identity & Access Management (*all)||12/31/2018|Alberto Mainieri/Costa Rica/IBM||||BHAGEERATH 402 SENAPATI BAPAT ROAD  411016  PUNE    -    INDIA|Potential High Risk|PERSISTENT
IBM_EXP0036|IBM Deutschland Business & Technology Services GmbH|Germany|N/A|ISIM Europe|Identity & Access Management (*all)|||Edith Finster/Germany/IBM|Vladislav Javorsky/Czech Republic/IBM|Application hosted in Germany DataCenter Ehningen and some of the support teams are also located in Germany.||IBM-Allee 1  71139 Ehningen   -  Germany|Part of IBM Group|IBM Group
IBM_EXP0014|IBM Global Services Delivery Center Czech Republic s.r.o.|Czech Republic|N/A|ISIM Europe|Identity & Access Management (*all)|||Edith Finster/Germany/IBM|Vladislav Javorsky/Czech Republic/IBM|Support Team (Middleware/Application) for Ehninger ISIM||Technika 2995/21  Brno 61600  -  Czech Republic|Part of IBM Group|IBM Group
not listed|IBM CIC Hungary|Hungary|N/A|ISIM Europe|Identity & Access Management (*all)|||Edith Finster/Germany/IBM|Vladislav Javorsky/Czech Republic/IBM|Helpdesk Team for ISIM||SZEKESFEHERVAR  8000  HU|Part of IBM Group|IBM Group
IBM_EXP0039|IBM Deutschland Customer Support Services GmbH|Germany|N/A|ISIM Europe|Identity & Access Management (*all)|||Edith Finster/Germany/IBM|Vladislav Javorsky/Czech Republic/IBM|Helpdesk Team for ISIM||Nahmitzer Damm 12  12227 Berlin   -  Germany|Part of IBM Group|IBM Group
IBM_EXP0024|IBM Europe|France|N/A|ISIM Europe|Identity & Access Management (*all)|||Edith Finster/Germany/IBM|Vladislav Javorsky/Czech Republic/IBM|Application hosted in France data Center MOP  and some of the support teams are also located in France.||17 avenue de l’Europe   92275 Bois-Colombes Cedex   -  France|Part of IBM Group|IBM Group
IBM_EXP0020|Oy IBM Finland Ab|Finland|N/A|ISIM Europe|Identity & Access Management (*all)|||Edith Finster/Germany/IBM|Vladislav Javorsky/Czech Republic/IBM|Support for ISIM||Laajalahdentie 23  00330 Helsinki  -  Finland|Potential High Risk|Oy IBM Finland Ab
IBM_EXP0154|IBM Services Centre UK Limited|United Kingdom|N/A|ISIM Europe|Identity & Access Management (*all)|||Edith Finster/Germany/IBM|Vladislav Javorsky/Czech Republic/IBM|Support for ISIM||76 Upper Ground  London  SE1 9PZ  -  United Kingdom|Part of IBM Group|IBM Group
in contact to get information|Modis IT Outsourcing GmbH|Germany|N/A|ISIM Europe|Identity & Access Management (*all)|||Edith Finster/Germany/IBM|Vladislav Javorsky/Czech Republic/IBM|First Level support for ISIM DACH||Parsevalstraße 8-10  99092 Erfurt|Special Vendor|Adecco
IBM_EXP0036|IBM Deutschland Business & Technology Services GmbH|Germany|N/A|GSNI|Identity & Access Management (*all)|||Hermann Kaiser/Germany/IBM|Andrea Marckmann/Germany/IBM|Master Replic of Application is hosted in Germany  GSNI LDAP application slaves are placed worldwide. Some support from Germany||IBM-Allee 1  71139 Ehningen   -  Germany|Part of IBM Group|IBM Group
IBM_EXP0014|IBM Global Services Delivery Center Czech Republic s.r.o.|Czech Republic|N/A|GSNI|Identity & Access Management (*all)|||Hermann Kaiser/Germany/IBM|Andrea Marckmann/Germany/IBM|Support Team (Helpdesk  installation) of GNSI LDAP slaves||Technika 2995/21  Brno 61600  -  Czech Republic|Part of IBM Group|IBM Group
IBM_EXP0039|IBM Deutschland Customer Support Services GmbH|Germany|N/A|GSNI|Identity & Access Management (*all)|||Hermann Kaiser/Germany/IBM|Andrea Marckmann/Germany/IBM|Support for GSNI||Nahmitzer Damm 12  12227 Berlin   -  Germany|Part of IBM Group|IBM Group
IBM_EXP0024|IBM Europe|France|N/A|SICR|Identity & Access Management (*all)|||Edith Finster/Germany/IBM|Vladislav Javorsky/Czech Republic/IBM|Application hosted in France  supported by different europe teams. ISIM  application itself has no vendors.||17 avenue de l’Europe   92275 Bois-Colombes Cedex   -  France|Part of IBM Group|IBM Group
IBM_EXP0024|IBM Europe|France|N/A|AECR|Identity & Access Management (*all)|||Vladislav Javorsky/Czech Republic/IBM|Gyongyi Macsarne Puspoki/Hungary/IBM|Application hosted in France  supported by different europe teams. ISIM  application itself has no vendors.||17 avenue de l’Europe   92275 Bois-Colombes Cedex   -  France|Part of IBM Group|IBM Group
IBM_EXP0024|IBM Europe|France|N/A|SSIM|Identity & Access Management (*all)|||Vladislav Javorsky/Czech Republic/IBM|Gyongyi Macsarne Puspoki/Hungary/IBM|Application hosted in France  supported by different europe teams. ISIM  application itself has no vendors.||17 avenue de l’Europe   92275 Bois-Colombes Cedex   -  France|Part of IBM Group|IBM Group
IBM_EXP0014|IBM Global Services Delivery Center Czech Republic s.r.o.|Czech Republic|N/A|SSIM SICR AECR|Identity & Access Management (*all)|||Vladislav Javorsky/Czech Republic/IBM|Gyongyi Macsarne Puspoki/Hungary/IBM|Support||Technika 2995/21  Brno 61600  -  Czech Republic|Part of IBM Group|IBM Group
IBM_EXP0036|IBM Deutschland Business & Technology Services GmbH|Germany|N/A|SSIM SICR AECR|Identity & Access Management (*all)|||Vladislav Javorsky/Czech Republic/IBM|Gyongyi Macsarne Puspoki/Hungary/IBM|Support||IBM-Allee 1  71139 Ehningen   -  Germany|Part of IBM Group|IBM Group
IBM_EXP0154|IBM Services Centre UK Limited|United Kingdom|N/A|SSIM SICR AECR|Identity & Access Management (*all)|||Vladislav Javorsky/Czech Republic/IBM|Gyongyi Macsarne Puspoki/Hungary/IBM|Support||76 Upper Ground  London  SE1 9PZ  -  United Kingdom|Part of IBM Group|IBM Group
not listed|IBM CIC Hungary|Hungary|N/A|SSIM SICR AECR|Identity & Access Management (*all)|||Vladislav Javorsky/Czech Republic/IBM|Gyongyi Macsarne Puspoki/Hungary/IBM|Support|Yes|SZEKESFEHERVAR  8000  HU|Part of IBM Group|IBM Group
1000426270|IPSOFT EU|AUSTRALIA|N/A|IPCenter (Dynamic Automation)|Integrated Service and Support Management|1/1/2015|12/31/2024|Absher  Monty|McGaugh  Pamela||Yes|REMBRANDT TOWER AMSTELPLEIN 1  1096 HA  AMSTERDAM    -    AUSTRALIA|Potential low risk|IPSOFT
1000426270|IPSOFT EU HOLDING BV|BELGIUM|N/A|IPCenter (Dynamic Automation)|Integrated Service and Support Management|1/1/2015|12/31/2024|Absher  Monty|McGaugh  Pamela||Yes|REMBRANDT TOWER AMSTELPLEIN 1  1096 HA  AMSTERDAM    -    BELGIUM|Potential low risk|IPSOFT
K00213|IPSOFT EU HOLDING BV|JAPAN|N/A|IPCenter (Dynamic Automation)|Integrated Service and Support Management|1/1/2015|12/31/2024|Absher  Monty|McGaugh  Pamela||Yes|AMSTELPLEIN 1   10004  NETHERLANDS    -    JAPAN|Potential low risk|IPSOFT
1000419829|IPSOFT INCORPORATED|UNITED STATES|N/A|IPCenter (Dynamic Automation)|Integrated Service and Support Management|1/1/2015|12/31/2024|Absher  Monty|McGaugh  Pamela||Yes|17 STATE STREET 14TH FLOOR  10004-1501  NEW YORK    -    UNITED STATES|Potential low risk|IPSOFT
IBM_EXP0110|SoftLayer Dutch Holdings B.V|Netherlands|N/A|IPCenter (Dynamic Automation)|Integrated Service and Support Management|1/1/2015|12/31/2024|Absher  Monty|McGaugh  Pamela|Do not know know when Softlayer became a Vendor for IBM so using the same dates we are using for Ipsoft.|Yes|Paul van Vlissingenstraat 16 1096 BK Amsterdam   -  Netherlands|Part of IBM Group|IBM Group
IBM_EXP0111|SoftLayer Technologies Netherlands B.V.|Netherlands|N/A|IPCenter (Dynamic Automation)|Integrated Service and Support Management|1/1/2015|12/31/2024|Absher  Monty|McGaugh  Pamela|Do not know know when Softlayer became a Vendor for IBM so using the same dates we are using for Ipsoft.|Yes|Paul van Vlissingenstraat 16 1096 BK Amsterdam   -  Netherlands|Part of IBM Group|IBM Group
IBM_EXP0161|Softlayer Technologies UK Limited|United Kingdom|N/A|IPCenter (Dynamic Automation)|Integrated Service and Support Management|1/1/2015|12/31/2024|Absher  Monty|McGaugh  Pamela|Do not know know when Softlayer became a Vendor for IBM so using the same dates we are using for Ipsoft.|Yes|8 Lincolns Inn Fields  London  WC2A 3BP  -  United Kingdom|Part of IBM Group|IBM Group
IBM_IMP0018|SoftLayer Technologies Australia Pty Limited|Australia|N/A|IPCenter (Dynamic Automation)|Integrated Service and Support Management|1/1/2015|12/31/2024|Absher  Monty|McGaugh  Pamela|Do not know know when Softlayer became a Vendor for IBM so using the same dates we are using for Ipsoft.|Yes|Level 13  IBM Centre  601 Pacific Highway  St Leonards NSW 2065  -   Australia|Part of IBM Group|IBM Group
IBM_IMP0140|SoftLayer Technologies Japan K.K.|Japan|N/A|IPCenter (Dynamic Automation)|Integrated Service and Support Management|1/1/2015|12/31/2024|Absher  Monty|McGaugh  Pamela|Do not know know when Softlayer became a Vendor for IBM so using the same dates we are using for Ipsoft.|Yes|19-21 Nihonbashi Hakozaki-cho Chuo-ku  Tokyo 103-8510  -   Japan|Part of IBM Group|IBM Group
IBM_IMP0163|SoftLayer Technologies Mexico  S. de R.L. de C.V.|Mexico|N/A|IPCenter (Dynamic Automation)|Integrated Service and Support Management|1/1/2015|12/31/2024|Absher  Monty|McGaugh  Pamela|Do not know know when Softlayer became a Vendor for IBM so using the same dates we are using for Ipsoft.|Yes|Alfonso Nápoles Gandara 3111  Parque  Corporativo de Peña Blanca  Santa Fe 01210  -   Mexico|Part of IBM Group|IBM Group
IBM_IMP0326|Softlayer Holdings  Inc.|United States|N/A|IPCenter (Dynamic Automation)|Integrated Service and Support Management|1/1/2015|12/31/2024|Absher  Monty|McGaugh  Pamela|Do not know know when Softlayer became a Vendor for IBM so using the same dates we are using for Ipsoft.|Yes|c/o The Corporation Trust Company  Corporation Trust Center  1209 Orange Street  DE-19801  -   USA|Part of IBM Group|IBM Group
IBM_IMP0327|Softlayer II Holdings Company  Inc.|United States|N/A|IPCenter (Dynamic Automation)|Integrated Service and Support Management|1/1/2015|12/31/2024|Absher  Monty|McGaugh  Pamela|Do not know know when Softlayer became a Vendor for IBM so using the same dates we are using for Ipsoft.|Yes|c/o The Corporation Trust Company  Corporation Trust Center  1209 Orange Street  DE-19801  -   USA|Part of IBM Group|IBM Group
IBM_IMP0328|Softlayer Intermediate Holdings  LLC|United States|N/A|IPCenter (Dynamic Automation)|Integrated Service and Support Management|1/1/2015|12/31/2024|Absher  Monty|McGaugh  Pamela|Do not know know when Softlayer became a Vendor for IBM so using the same dates we are using for Ipsoft.||c/o The Corporation Trust Company  Corporation Trust Center  1209 Orange Street  DE-19801  -   USA|Part of IBM Group|IBM Group
IBM_IMP0329|Softlayer Technologies  Inc.|United States|N/A|IPCenter (Dynamic Automation)|Integrated Service and Support Management|1/1/2015|12/31/2024|Absher  Monty|McGaugh  Pamela|Do not know know when Softlayer became a Vendor for IBM so using the same dates we are using for Ipsoft.||c/o The Corporation Trust Company  Corporation Trust Center  1209 Orange Street  DE-19801  -   USA|Part of IBM Group|IBM Group
IBM_EXP0161|Softlayer Technologies UK Limited|United Kingdom|N/A|Blue Prism - Robotic Process Automation|Systems Management Operations like (1) Integrated Service Management and Governance; (2) Portable Storage Media; (3) System Operations and (4) Systems Management Integration|8/1/2016|9/1/2020|Harish Verma2/India/IBM|Laszlo Becz/Hungary/IBM|Softlayer / Bluemix infrastructure   IBM - Project Ellis EU/AP315548. Hosted in NL - Amsterdam  UK- London||8 Lincolns Inn Fields  London  WC2A 3BP  -  United Kingdom|Part of IBM Group|IBM Group
CAN9057310090|CIRBA|AUSTRALIA|N/A|Software Defined Infrastructure Control (Densify)|Systems Management Operations like (1) Integrated Service Management and Governance; (2) Portable Storage Media; (3) System Operations and (4) Systems Management Integration|4/1/2013||Ken Christiance|Ken Christiance|||45 VOGELL ROAD  SUITE 600       -    AUSTRALIA|Potential High Risk|CIRBA
1000336816|CIRBA INC|GERMANY|N/A|Software Defined Infrastructure Control (Densify)|Systems Management Operations like (1) Integrated Service Management and Governance; (2) Portable Storage Media; (3) System Operations and (4) Systems Management Integration|4/1/2013||Ken Christiance|Ken Christiance|||45 VOGELL RD SUITE 600  L4B 3P6  RICHMOND HILL    -    GERMANY|Potential High Risk|CIRBA
1000336816|CIRBA INC|NEW ZEALAND|N/A|Software Defined Infrastructure Control (Densify)|Systems Management Operations like (1) Integrated Service Management and Governance; (2) Portable Storage Media; (3) System Operations and (4) Systems Management Integration|4/1/2013||Ken Christiance|Ken Christiance|||45 VOGELL RD SUITE 600  L4B 3P6  RICHMOND HILL    -    NEW ZEALAND|Potential High Risk|CIRBA
IBM_EXP0054|Softlayer Technologies Deutschland GmbH|Germany|N/A|SLA Tool Set (ASB  CC  RCP  SSD  BI  SAS)|Infrastructure hosting|6/1/2016|12/31/2030|Brian Peterson  Lisa Chavez|Brian Peterson  Lisa Chavez  Reza Saghafi  Rick Cohen  Tim Griffin|||Wilhelm-Fay-Straße 30-34  65936 Frankfurt am Main  -  Germany|Part of IBM Group|IBM Group
IBM_EXP0110|SoftLayer Dutch Holdings B.V|Netherlands|N/A|SLA Tool Set (ASB  CC  RCP  SSD  BI  SAS)|Infrastructure hosting|6/1/2016|12/31/2030|Brian Peterson  Lisa Chavez|Brian Peterson  Lisa Chavez  Reza Saghafi  Rick Cohen  Tim Griffin|||Paul van Vlissingenstraat 16 1096 BK Amsterdam   -  Netherlands|Part of IBM Group|IBM Group
IBM_EXP0161|Softlayer Technologies UK Limited|United Kingdom|N/A|SLA Tool Set (ASB  CC  RCP  SSD  BI  SAS)|Infrastructure hosting|6/1/2016|12/31/2030|Brian Peterson  Lisa Chavez|Brian Peterson  Lisa Chavez  Reza Saghafi  Rick Cohen  Tim Griffin|||8 Lincolns Inn Fields  London  WC2A 3BP  -  United Kingdom|Part of IBM Group|IBM Group
IBM_IMP0018|SoftLayer Technologies Australia Pty Limited|Australia|N/A|SLA Tool Set (ASB  CC  RCP  SSD  BI  SAS)|Infrastructure hosting|6/1/2016|12/31/2030|Brian Peterson  Lisa Chavez|Brian Peterson  Lisa Chavez  Reza Saghafi  Rick Cohen  Tim Griffin|||Level 13  IBM Centre  601 Pacific Highway  St Leonards NSW 2065  -   Australia|Part of IBM Group|IBM Group
IBM_IMP0050|SoftLayer Technologies Canada Corporation / Societe SoftLayer Technologies Canada|Canada|N/A|SLA Tool Set (ASB  CC  RCP  SSD  BI  SAS)|Infrastructure hosting|6/1/2016|12/31/2030|Brian Peterson  Lisa Chavez|Brian Peterson  Lisa Chavez  Reza Saghafi  Rick Cohen  Tim Griffin|||1959 Upper Water Street  Suite 900  Halifax  B3J3N2  -   Canada|Part of IBM Group|IBM Group
IBM_IMP0085|Softlayer Technologies Hong Kong Limited|Hong Kong|N/A|SLA Tool Set (ASB  CC  RCP  SSD  BI  SAS)|Infrastructure hosting|6/1/2016|12/31/2030|Brian Peterson  Lisa Chavez|Brian Peterson  Lisa Chavez  Reza Saghafi  Rick Cohen  Tim Griffin|||Level 54  Hopewell Centre  183 Queens Road East  -   Hong Kong|Part of IBM Group|IBM Group
IBM_IMP0100|SoftLayer Technologies India Private Limited|India|N/A|SLA Tool Set (ASB  CC  RCP  SSD  BI  SAS)|Infrastructure hosting|6/1/2016|12/31/2030|Brian Peterson  Lisa Chavez|Brian Peterson  Lisa Chavez  Reza Saghafi  Rick Cohen  Tim Griffin|||No.12  Subramanya Arcade  Bannerghatta Main Road  -   India|Part of IBM Group|IBM Group
IBM_IMP0140|SoftLayer Technologies Japan K.K.|Japan|N/A|SLA Tool Set (ASB  CC  RCP  SSD  BI  SAS)|Infrastructure hosting|6/1/2016|12/31/2030|Brian Peterson  Lisa Chavez|Brian Peterson  Lisa Chavez  Reza Saghafi  Rick Cohen  Tim Griffin|||19-21 Nihonbashi Hakozaki-cho Chuo-ku  Tokyo 103-8510  -   Japan|Part of IBM Group|IBM Group
IBM_IMP0201|Softlayer Technologies Asia Private Limited|Singapore|N/A|SLA Tool Set (ASB  CC  RCP  SSD  BI  SAS)|Infrastructure hosting|6/1/2016|12/31/2030|Brian Peterson  Lisa Chavez|Brian Peterson  Lisa Chavez  Reza Saghafi  Rick Cohen  Tim Griffin|||80 Robinson Road  #02-00  068898   -   Singapore|Part of IBM Group|IBM Group
IBM_IMP0329|Softlayer Technologies  Inc.|United States|N/A|SLA Tool Set (ASB  CC  RCP  SSD  BI  SAS)|Infrastructure hosting|6/1/2016|12/31/2030|Brian Peterson  Lisa Chavez|Brian Peterson  Lisa Chavez  Reza Saghafi  Rick Cohen  Tim Griffin|||c/o The Corporation Trust Company  Corporation Trust Center  1209 Orange Street  DE-19801  -   USA|Part of IBM Group|IBM Group
A0023|AT&T COMMU|INDIA|N/A|IBM network|#3|||Nigel Yell   legin@us.ibm.com|Patricia Burch|||305 EMBASSY SQUARE       -    INDIA|Special Vendor|AT&T
749932|MANPOWERGROUP CO.  LTD. |JAPAN|N/A|GIAMA : IAM Support|Identity & Access Management (*all)|4/1/2013||YOSHIKAWA  Masahito|FUJINO  Tetsuya|||2-2-1 MINATOMIRAI  2208136  KANAGAWA    -    JAPAN|Special Vendor|MANPOWERGROUP
IBM_IMP0120|exa Corporation|Japan|N/A|GIAMA : IAM Support|Identity & Access Management (*all)|6/17/2015||YOSHIKAWA  Masahito|FUJINO  Tetsuya|||580 Harikawa-Machi  Saiwai-ku  212-8555  -   Japan|Potential High Risk|exa Corporation
100444|ADECCO LTD.|JAPAN|N/A|GIAMA : Infra Maintenance|Distributed Middleware  Databases  Servers and Storage Management|5/1/2017||YOSHIKAWA  Masahito|FUJINO  Tetsuya|CIC @Sendai||KASUMIGASEKI 3-7-1   1000013  TOKYO    -    JAPAN|Special Vendor|Adecco
250085|COMPUTER SCIENCE CO. LTD.|JAPAN|N/A|GIAMA : Infra Maintenance|Distributed Middleware  Databases  Servers and Storage Management|5/1/2017||YOSHIKAWA  Masahito|FUJINO  Tetsuya|CIC @Sendai||2-19-6  SHIMOMEGURO  1410031  TOKYO    -    JAPAN|Special Vendor|COMPUTER SCIENCE
450085|TOKYO COMPUTER SERVICE CO. LTD.|JAPAN|N/A|GIAMA : Infra Maintenance|Distributed Middleware  Databases  Servers and Storage Management|5/1/2017||YOSHIKAWA  Masahito|FUJINO  Tetsuya|CIC @Sendai||4-8-14  NIHONBASHI-HONCHO   1030023  TOKYO    -    JAPAN|Potential High Risk|TOKYO COMPUTER SERVICE CO. LTD.
900492|RYOYU SYSTEM BUSINESS|JAPAN|N/A|GIAMA : Infra Maintenance|Distributed Middleware  Databases  Servers and Storage Management|5/1/2017||YOSHIKAWA  Masahito|FUJINO  Tetsuya|CIC @Sendai||2-19-13 TAKANAWA  1080074  TOKYO    -    JAPAN|Potential High Risk|RYOYU SYSTEM BUSINESS
?|FPT Japan Co. Ltd.||N/A|GIAMA : Infra Maintenance|Distributed Middleware  Databases  Servers and Storage Management|5/1/2017||YOSHIKAWA  Masahito|FUJINO  Tetsuya|CIC @Sendai|||Potential High Risk|FPT Japan Co. Ltd.
?|TDI SS||N/A|GIAMA : Infra Maintenance|Distributed Middleware  Databases  Servers and Storage Management|5/1/2017||YOSHIKAWA  Masahito|FUJINO  Tetsuya|CIC @Sendai|||Potential High Risk|TDI SS
?|TDI SS||Baosight Japan Co.  Ltd.|GIAMA : Infra Maintenance|Distributed Middleware  Databases  Servers and Storage Management|5/1/2017||YOSHIKAWA  Masahito|FUJINO  Tetsuya|CIC @Sendai|||Potential High Risk|TDI SS
IBM_IMP0040|IBM Canada Principal Management  Limited Partnership|Canada|N/A|ASP|Staff|1/1/2015|12/31/1999|Jason Auvenshine/Tucson/IBM|Jason Auvenshine/Tucson/IBM|||3600 Steeles Avenue East Ontario L3R 9Z7  -   Canada|Part of IBM Group|IBM Group
IBM_IMP0041|IBM Canada Services Corp./Societe De Services IBM Canada Corp.|Canada|N/A|ASP|Staff|1/1/2015|12/31/1999|Jason Auvenshine/Tucson/IBM|Jason Auvenshine/Tucson/IBM|||3600 Steeles Avenue East  A4 Markham Ontario L3R 9Z7  -   Canada|Part of IBM Group|IBM Group
IBM_IMP0038|IBM Canada Limited - IBM Canada Limitee|Canada|N/A|SAT+ASP|Staff|1/1/2015|12/31/1999|Jason Auvenshine/Tucson/IBM|Jason Auvenshine/Tucson/IBM|||3600 Steeles Avenue East  Ontario L3R 9Z7  -   Canada|Part of IBM Group|IBM Group
IBM_IMP0045|LGS GROUP CONSULTING CORPORATION/SOCIETE CONSEIL GROUPE LGS|Canada|N/A|ASP|Staff|1/1/2015|12/31/1999|Jason Auvenshine/Tucson/IBM|Jason Auvenshine/Tucson/IBM|||1959 Upper Water Street  Suite 800  Halifax  B3J3N2  -   Canada|Potential low risk|LGS GROUP CONSULTING
1000258866|PERSISTENT|INDIA|N/A|SAT+ASP|Staff|1/1/2015|12/31/1999|Jason Auvenshine/Tucson/IBM|Jason Auvenshine/Tucson/IBM|||BHAGEERATH 402 SENAPATI BAPAT ROAD  411016  PUNE    -    INDIA|Potential low risk|PERSISTENT
Unknown|IBA - Belarus|Unknown|N/A|SAT+ASP|Staff|1/1/2015|12/31/1999|Jason Auvenshine/Tucson/IBM|Jason Auvenshine/Tucson/IBM|||Unknown|Special Vendor|IBA
IBM_IMP0046|Management CS LP|Canada|N/A|SAT+ASP|Staff|1/1/2015|12/31/1999|Jason Auvenshine/Tucson/IBM|Jason Auvenshine/Tucson/IBM|||3600 Steeles Avenue East  Ontario L3R 9Z7  -   Canada|Potential low risk|Management CS LP
IBM_IMP0096|IBM India Private Limited|India|N/A|SAT+ASP|Staff|1/1/2015|12/31/1999|Jason Auvenshine/Tucson/IBM|Jason Auvenshine/Tucson/IBM|||No.12  Subramanya Arcade  Bannerghatta Main Road  Bangaluru - 560029  -   India|Part of IBM Group|IBM Group
IBM_IMP0029|IBM Brasil-Industria  Maquinas e Servicos Limitada|Brazil|N/A|SAT+ASP|Staff|1/1/2015|12/31/1999|Jason Auvenshine/Tucson/IBM|Jason Auvenshine/Tucson/IBM|||Av. Pasteur  138/146  Botafogo  Rio de Janeiro  RJ 22290-240  -   Brazil|Part of IBM Group|IBM Group
IBM_EXP0013|IBM Ceska Republika  spol. s r.o.|Czech Republic|N/A|ASP|Staff|1/1/2015|12/31/1999|Jason Auvenshine/Tucson/IBM|Jason Auvenshine/Tucson/IBM|||V Parku 2294/4  148 00 Prague 4-Chodov  -  Czech Republic|Part of IBM Group|IBM Group
IBM_EXP0064|IBM Ireland Limited|Ireland|N/A|SAT+ASP|Staff|1/1/2015|12/31/1999|Jason Auvenshine/Tucson/IBM|Jason Auvenshine/Tucson/IBM|||IBM House  Shelbourne Road  Ballsbridge  Dublin 4  -  Ireland|Part of IBM Group|IBM Group
IBM_IMP0039|IBM Canada Management  Limited Partnership|Canada|N/A|SAT|Staff|1/1/2015|12/31/1999|Jason Auvenshine/Tucson/IBM|Jason Auvenshine/Tucson/IBM|||3600 Steeles Avenue East Ontario L3R 9Z7  -   Canada|Part of IBM Group|IBM Group
IBM_IMP0042|IBM World Trade Americas Holding ULC|Canada|N/A|SAT|Staff|1/1/2015|12/31/1999|Jason Auvenshine/Tucson/IBM|Jason Auvenshine/Tucson/IBM|||1959 Upper Water Street  Suite 900  Halifax  B3J2X2  -   Canada|Part of IBM Group|IBM Group
1000352795|SOLARWINDS SOFTWARE EUROPE LIMITED|UNITED KINGDOM|N/A|Solarwinds IPAM / NCM / NPM / NTM|Solarwinds Tool Suite includes 4 software components for network management - (1) IP Address Manager (IPAM); (2) Network Configuration Manager (NCM); (3) Network Performance Monitor (NPM); and (4) Network Topology Mapper (NTM).|||Ouyang  Tung|Ouyang  Tung|||UNIT 1101 BUILDING 1000 CITY GATE   MAHON    -    UNITED KINGDOM|Potential High Risk|SOLARWINDS
1000164956|SOLARWINDS INC|UNITED STATES|N/A|Solarwinds IPAM / NCM / NPM / NTM|Solarwinds Tool Suite includes 4 software components for network management - (1) IP Address Manager (IPAM); (2) Network Configuration Manager (NCM); (3) Network Performance Monitor (NPM); and (4) Network Topology Mapper (NTM).|||Ouyang  Tung|Ouyang  Tung|||BLANK  75373-0720  DALLAS    -    UNITED STATES|Potential High Risk|SOLARWINDS
IBM_EXP0119|IBM Global Services Delivery Centre Polska Sp. z o.o.IBM Polska Business Services Sp. z o.o.|Poland|N/A|Subsystem Detection and Management Solution|System Operation|1/1/2017|12/31/2027|PRUSAK  PIOTR|KOTSIKAU  DZMITRY|||ul. Muchoborska 8  54-424 Wrocławul. Krakowiakow 32  02 - 255 Warszawa  -  Poland|Part of IBM Group|IBM Group
IBM_EXP0119|IBM Global Services Delivery Centre Polska Sp. z o.o.IBM Polska Business Services Sp. z o.o.|Poland|N/A||team from PL supporting the german tool owners with some administrative tasks. Which are administration of back end servers and database instance  performing user revalidation|1/1/2010||Andreas Jung|Andreas Jung|||ul. Muchoborska 8  54-424 Wrocławul. Krakowiakow 32  02 - 255 Warszawa  -  Poland|Part of IBM Group|IBM Group
IBM_EXP0014|IBM Global Services Delivery Center Czech Republic s.r.o.|Czech Republic|N/A|EMEA - RCM|team from PL supporting the german tool owners with some administrative tasks for users of the database instance. User creation/deletion  granting/revoking privileges|6/1/2018||Andreas Jung|Andreas Jung|Only minimal business contact information of IBMers in scope.||Technika 2995/21  Brno 61600  -  Czech Republic|Part of IBM Group|IBM Group
IBM_EXP0150|IBM Schweiz AG|Switzerland|N/A|ITIM Banking|Identity & Access Management (*all)|||Alain Stehlin/Switzerland/IBM|Roman Kusak/Czech Republic/IBM|GDPR Assessment will very likely result in that GDPR readiness is not required for this instance and also tool will be updated to ISIM  which is GDPR ready||Vulkanstraße 106  P.O. Box 8010  -  Switzerland|Part of IBM Group|IBM Group
C0600|CYBER-ARK|INDIA|N/A|CyberArk|Privileged Identity Management Support for the Product|5/30/2017|5/30/2018|Vandana R Lingala|Vandana R Lingala|||94 EM HA MOSHAVOT PARK AZORIM       -    INDIA|Potential High Risk|CYBER-ARK
1000258866|PERSISTENT|INDIA|N/A|GIAMA - Global Identity & Access Management Automation|Identity & Access Management (*all)||31-Dec-18|Alberto Mainieri/Costa Rica/IBM||||BHAGEERATH 402 SENAPATI BAPAT ROAD  411016  PUNE    -    INDIA|Potential High Risk|PERSISTENT
1000359284|PERSISTENT SYSTEMS INC|UNITED STATES|N/A|GIAMA - Global Identity & Access Management Automation|Identity & Access Management (*all)||31-Dec-18|Alberto Mainieri/Costa Rica/IBM||||2055 LAURELWOOD ROAD SUITE 210  95054-2727  SANTA CLARA    -    UNITED STATES|Potential High Risk|PERSISTENT
1000258866|PERSISTENT SYSTEMS LIMITED|UNITED STATES|N/A|GIAMA - Global Identity & Access Management Automation|Identity & Access Management (*all)||31-Dec-18|Alberto Mainieri/Costa Rica/IBM||||BHAGEERATH 402 SENAPATI BAPAT ROAD  411016  PUNE    -    UNITED STATES|Potential High Risk|PERSISTENT
IBM_EXP0036|IBM Deutschland Business & Technology Services GmbH|Germany|N/A|GSNI|Identity & Access Management (*all)|||Hermann Kaiser/Germany/IBM|Andrea Marckmann/Germany/IBM|Master Replic of Application is hosted in Germany  GSNI LDAP application slaves are placed worldwide. Some support from Germany||IBM-Allee 1  71139 Ehningen   -  Germany|Part of IBM Group|IBM Group
IBM_EXP0014|IBM Global Services Delivery Center Czech Republic s.r.o.|Czech Republic|N/A|GSNI|Identity & Access Management (*all)|||Hermann Kaiser/Germany/IBM|Andrea Marckmann/Germany/IBM|Support Team (Helpdesk  installation) of GNSI LDAP slaves||Technika 2995/21  Brno 61600  -  Czech Republic|Part of IBM Group|IBM Group
IBM_EXP0039|IBM Deutschland Customer Support Services GmbH|Germany|N/A|GSNI|Identity & Access Management (*all)|||Hermann Kaiser/Germany/IBM|Andrea Marckmann/Germany/IBM|Support for GSNI||Nahmitzer Damm 12  12227 Berlin   -  Germany|Part of IBM Group|IBM Group
IBM_EXP0024|IBM Europe|France|N/A|AECR|Identity & Access Management (*all)|||Vladislav Javorsky/Czech Republic/IBM|Gyongyi Macsarne Puspoki/Hungary/IBM|Application hosted in France  supported by different europe teams. ISIM  application itself has no vendors.||17 avenue de l’Europe   92275 Bois-Colombes Cedex   -  France|Part of IBM Group|IBM Group
IBM_EXP0024|IBM Europe|France|N/A|SSIM|Identity & Access Management (*all)|||Vladislav Javorsky/Czech Republic/IBM|Gyongyi Macsarne Puspoki/Hungary/IBM|Application hosted in France  supported by different europe teams. ISIM  application itself has no vendors.||17 avenue de l’Europe   92275 Bois-Colombes Cedex   -  France|Part of IBM Group|IBM Group
IBM_EXP0014|IBM Global Services Delivery Center Czech Republic s.r.o.|Czech Republic|N/A|SSIM SICR AECR|Identity & Access Management (*all)|||Vladislav Javorsky/Czech Republic/IBM|Gyongyi Macsarne Puspoki/Hungary/IBM|Support||Technika 2995/21  Brno 61600  -  Czech Republic|Part of IBM Group|IBM Group
IBM_EXP0036|IBM Deutschland Business & Technology Services GmbH|Germany|N/A|SSIM SICR AECR|Identity & Access Management (*all)|||Vladislav Javorsky/Czech Republic/IBM|Gyongyi Macsarne Puspoki/Hungary/IBM|Support||IBM-Allee 1  71139 Ehningen   -  Germany|Part of IBM Group|IBM Group
IBM_EXP0154|IBM Services Centre UK Limited|United Kingdom|N/A|SSIM SICR AECR|Identity & Access Management (*all)|||Vladislav Javorsky/Czech Republic/IBM|Gyongyi Macsarne Puspoki/Hungary/IBM|Support||76 Upper Ground  London  SE1 9PZ  -  United Kingdom|Part of IBM Group|IBM Group
not listed|IBM CIC Hungary|Hungary|N/A|SSIM SICR AECR|Identity & Access Management (*all)|||Vladislav Javorsky/Czech Republic/IBM|Gyongyi Macsarne Puspoki/Hungary/IBM|Support||SZEKESFEHERVAR  8000  HU|Part of IBM Group|IBM Group
C0600|CYBER-ARK|INDIA|N/A|CyberArk|Privileged Identity Management Support for the Product|5/30/2017|5/30/2018|Vandana R Lingala|Vandana R Lingala|||94 EM HA MOSHAVOT PARK AZORIM       -    INDIA|Potential High Risk|CYBER-ARK
1000416540|IBA Group a.s.|Czech Republic|N/A|EMEA - USC|Systems Management Operations like (1) Integrated Service Management and Governance; (2) Portable Storage Media; (3) System Operations and (4) Systems Management Integration|1/1/1993|12/31/2050|Marc Charreire|Pierre-Yves Eugene|USC development  team||2583/13 Petrzilkova St. Prague 5  15800|Special Vendor|IBA
IBM_EXP0057|IBM Data Storage Systems Information Technology LLC|Hungary|N/A|Enterprise Compliance Management (ECM) Instances: AG  EMEA  AP|Integrated Service and Support Management|||Evelyn Anderson/Houston/IBM|Daniel Bohm/Hungary/IBM|ECM tool support for AG  AP and EMEA instances.||Deákvári fasor 16 -– 18 2600 Vác  -  Hungary|Part of IBM Group|IBM Group
IBM_IMP0096|IBM India Private Limited|India|N/A|Enterprise Compliance Management (ECM) Instances: AP  India|Integrated Service and Support Management|||Evelyn Anderson/Houston/IBM|Daniel Bohm/Hungary/IBM|ECM tool support for AP and India instances.||No.12  Subramanya Arcade  Bannerghatta Main Road  Bangaluru - 560029  -   India|Part of IBM Group|IBM Group
IBM_EXP0057|IBM Data Storage Systems Information Technology LLC|Hungary|N/A|Enterprise Compliance Management (ECM) EMEA prod instance|Mainframe Middleware  Databases  Servers (and Other)  Storage Management|||Evelyn Anderson/Houston/IBM|Daniel Bohm/Hungary/IBM|Server/Database support for EMEA Montpellier server||Deákvári fasor 16 -– 18 2600 Vác  -  Hungary|Part of IBM Group|IBM Group
03341093|AT&T GLOBA|BRAZIL|N/A|UAT (User Administration Tool) – Shared Instance|Managed Network Services|1/1/2008||Victor Oliveira Almeida|Frederico Durigon Marques|||RDV SP 101 TRECHO CAMPINAS MONTE MOR SN  13187-000  HORTOLANDIA    -    BRAZIL|Special Vendor|AT&T
7003819|AT&T GLOBA|NEW ZEALAND|N/A|UAT (User Administration Tool) – ANZ Instance|Managed Network Services|1/1/2015||Victor Oliveira Almeida|Frederico Durigon Marques|||PO BOX 39240   WELLINGTON    -    NEW ZEALAND|Special Vendor|AT&T
1000195612|AT&T|UNITED STATES|N/A|UAT (User Administration Tool) – US & CA Instances|Managed Network Services|1/1/2015||Victor Oliveira Almeida|Frederico Durigon Marques|||9805 SCRANTON ROAD  92121-1766  SAN DIEGO    -    UNITED STATES|Special Vendor|AT&T
IBM_IMP0032|Softlayer Technologies do Brasil Ltda.|Brazil|N/A|UAT (User Administration Tool) – Shared Instance|DistributedServer Management – Distributed Storage Management – Distributed|3/30/2018||Victor Oliveira Almeida|Frederico Durigon Marques|||Rua Presbitero Plinio Alves De Souza  n. 757  Bairro Medeiros  Jundiai  13212-181  -   Brazil|Part of IBM Group|IBM Group
IBM_IMP0329|Softlayer Technologies  Inc.|United States|N/A|UAT (User Administration Tool) – US Instance|DistributedServer Management – Distributed Storage Management – Distributed|1/1/2015||Victor Oliveira Almeida|Frederico Durigon Marques|||c/o The Corporation Trust Company  Corporation Trust Center  1209 Orange Street  DE-19801  -   USA|Part of IBM Group|IBM Group
IBM_IMP0018|SoftLayer Technologies Australia Pty Limited|Australia|N/A|UAT (User Administration Tool) – ANZ Instance|DistributedServer Management – Distributed Storage Management – Distributed|1/1/2015||Victor Oliveira Almeida|Frederico Durigon Marques|||Level 13  IBM Centre  601 Pacific Highway  St Leonards NSW 2065  -   Australia|Part of IBM Group|IBM Group
IBM_IMP0096|IBM India Private Limited|India|N/A|UAT (User Administration Tool) – ANZ & Shared Instances|Systems Management Operations (SMO)|1/1/2015||Victor Oliveira Almeida|Frederico Durigon Marques|||No.12  Subramanya Arcade  Bannerghatta Main Road  Bangaluru - 560029  -   India|Part of IBM Group|IBM Group
1000392210|SERVICENOW INC|UNITED STATES|N/A|QuickStart for ServiceNow|Identity & Access Management (*all)  also providing the Platform aaS|1/1/2015||Tim Griffin|Stephen Hobbs|No planned off-boarding date||4810 EASTGATE MALL  92121-1971  SAN DIEGO    -    UNITED STATES|Potential High Risk|SERVICENOW
A00013|ARICENT TE|SRI LANKA|N/A|QuickStart for ICD|Providing the base offering|1/1/2015||Tim Griffin|Stephen Hobbs|No planned off-boarding date||PLOT 31 ELECTRONIC CITY SECTOR 18  122015  GURGAON    -    SRI LANKA|Special Vendor|ARICENT TE
IBM_EXP0057|IBM Data Storage Systems Information Technology LLC|Hungary|N/A|Enterprise Compliance Management (ECM) Instances: AG  EMEA  AP|Integrated Service and Support Management|||Evelyn Anderson/Houston/IBM|Daniel Bohm/Hungary/IBM|ECM tool support for AG  AP and EMEA instances.||Deákvári fasor 16 -– 18 2600 Vác  -  Hungary|Part of IBM Group|IBM Group
IBM_IMP0096|IBM India Private Limited|India|N/A|Enterprise Compliance Management (ECM) Instances: AP  India|Integrated Service and Support Management|||Evelyn Anderson/Houston/IBM|Daniel Bohm/Hungary/IBM|ECM tool support for AP and India instances.||No.12  Subramanya Arcade  Bannerghatta Main Road  Bangaluru - 560029  -   India|Part of IBM Group|IBM Group
IBM_EXP0057|IBM Data Storage Systems Information Technology LLC|Hungary|N/A|Enterprise Compliance Management (ECM) EMEA prod instance|Mainframe Middleware  Databases  Servers (and Other)  Storage Management|||Evelyn Anderson/Houston/IBM|Daniel Bohm/Hungary/IBM|Server/Database support for EMEA Montpellier server||Deákvári fasor 16 -– 18 2600 Vác  -  Hungary|Part of IBM Group|IBM Group
IBM_EXP0130|IBM Romania Srl|Romania|N/A|Enterprise Compliance Management (ECM) Cloud managed instances: AG  AP  EMEA|Mainframe Middleware  Databases  Servers (and Other)  Storage Management|||Evelyn Anderson/Houston/IBM|Daniel Bohm/Hungary/IBM|Support for Cloud Managed instances (AG  AP  EMEA pre-prod) Including OS and network support||Bucharest Business Park  Sos Bucuresti Ploiesti 1A  Building A2  Bucharest 013681Bucharest Business Park  Sos Bucuresti Ploiesti 1A  Building A2  Bucharest 013682  -  Romania|Part of IBM Group|IBM Group
IBM_IMP0064|IBM Solution and Services (Shenzhen) Co.  Ltd.|China|N/A|Enterprise Compliance Management (ECM) Instances: AP  India|Mainframe Middleware  Databases  Servers (and Other)  Storage Management|||Evelyn Anderson/Houston/IBM|Daniel Bohm/Hungary/IBM|Database support for AP CMS and India||Floor 4&#65292;Dashi Building(workshop C2)  No.007 Keji Nansan Road  Nanshan District  518057  -   China|Part of IBM Group|IBM Group
03341093|AT&T GLOBA|BRAZIL|N/A|UAT (User Administration Tool) – Shared Instance|Managed Network Services|1/1/2008||Victor Oliveira Almeida|Frederico Durigon Marques|||RDV SP 101 TRECHO CAMPINAS MONTE MOR SN  13187-000  HORTOLANDIA    -    BRAZIL|Special Vendor|AT&T
7003819|AT&T GLOBA|NEW ZEALAND|N/A|UAT (User Administration Tool) – ANZ Instance|Managed Network Services|1/1/2015||Victor Oliveira Almeida|Frederico Durigon Marques|||PO BOX 39240   WELLINGTON    -    NEW ZEALAND|Special Vendor|AT&T
1000195612|AT&T|UNITED STATES|N/A|UAT (User Administration Tool) – US & CA Instances|Managed Network Services|1/1/2015||Victor Oliveira Almeida|Frederico Durigon Marques|||9805 SCRANTON ROAD  92121-1766  SAN DIEGO    -    UNITED STATES|Special Vendor|AT&T
IBM_IMP0032|Softlayer Technologies do Brasil Ltda.|Brazil|N/A|UAT (User Administration Tool) – Shared Instance|DistributedServer Management – Distributed Storage Management – Distributed|3/30/2018||Victor Oliveira Almeida|Frederico Durigon Marques|||Rua Presbitero Plinio Alves De Souza  n. 757  Bairro Medeiros  Jundiai  13212-181  -   Brazil|Part of IBM Group|IBM Group
IBM_IMP0329|Softlayer Technologies  Inc.|United States|N/A|UAT (User Administration Tool) – US Instance|DistributedServer Management – Distributed Storage Management – Distributed|1/1/2015||Victor Oliveira Almeida|Frederico Durigon Marques|||c/o The Corporation Trust Company  Corporation Trust Center  1209 Orange Street  DE-19801  -   USA|Part of IBM Group|IBM Group
IBM_IMP0018|SoftLayer Technologies Australia Pty Limited|Australia|N/A|UAT (User Administration Tool) – ANZ Instance|DistributedServer Management – Distributed Storage Management – Distributed|1/1/2015||Victor Oliveira Almeida|Frederico Durigon Marques|||Level 13  IBM Centre  601 Pacific Highway  St Leonards NSW 2065  -   Australia|Part of IBM Group|IBM Group
IBM_IMP0096|IBM India Private Limited|India|N/A|UAT (User Administration Tool) – ANZ & Shared Instances|Systems Management Operations (SMO)|1/1/2015||Victor Oliveira Almeida|Frederico Durigon Marques|||No.12  Subramanya Arcade  Bannerghatta Main Road  Bangaluru - 560029  -   India|Part of IBM Group|IBM Group
IBM_EXP0054|Softlayer Technologies Deutschland GmbH|Germany|N/A|GSMRT/BAS EMEA (Business Analytics Services)|System Management Operations|3/1/2016||Emma  Scollan|Gabor  Gerenday|||Wilhelm-Fay-Straße 30-34  65936 Frankfurt am Main  -  Germany|Part of IBM Group|IBM Group
1000258866|PERSISTENT SYSTEMS LIMITED|UNITED STATES|N/A|BigFix (formerly IBM)|Delivery Tools - Infrastructure|1/1/2018|12/31/2018|Crowther  Dorothy|Jack Healy/Ireland/IBM|Contract is annual and exptected to renew||BHAGEERATH 402 SENAPATI BAPAT ROAD  411016  PUNE    -    UNITED STATES|Potential High Risk|PERSISTENT
?|IBA|Belarus|N/A|BigFix (formerly IBM)|Delivery Tools - Infrastructure|1/1/2018|12/31/2018|Crowther  Dorothy|Jack Healy/Ireland/IBM|Contract is annual and exptected to renew||Minsk  Belarus|Special Vendor|IBA
1000200189|BDU CONSULTING AG|SWITZERLAND|N/A|RADIX (PID00106760)|Integrated Service and Support Management|7/1/2007||Maurice Ruch|no off-boarding planed|||OBERE SPICHERMATT 14  6371  STANS    -    SWITZERLAND|Potential low risk|BDU CONSULTING AG
1000276911|ONIKO AG|SWITZERLAND|N/A|RADIX (PID00106760)|Integrated Service and Support Management|1/1/2014||Maurice Ruch|no off-boarding planed|||HUSMATT 1  5405  BADEN-DAETTWILL    -    SWITZERLAND|Potential low risk|ONIKO AG
IBM_IMP0289|Kenexa Government Solutions  Inc.|United States|N/A|UserID Revalidation Tool (URT) Instance : URT AG|IBM AIX Standard Edition Version 7.1 - Jumbo - bldsarmurtprd02|||Evelyn Anderson/Houston/IBM|Alejandro Antonio Rodriguez Mann/Costa Rica/IBM|URT OS-AIX  VM-bldsarmurtprd02  Proejct/Team - URT BLD  SAM Name-Boulder Prod||1675 Broadway  Suite 1200  CO-80202  -   USA|Potential High Risk|Kenexa Government Solutions  Inc.
IBM_IMP0289|Kenexa Government Solutions  Inc.|United States|N/A|UserID Revalidation Tool (URT) Instance : URT AG|IBM AIX Standard Edition Version 7.1 - Medium -bldsarmurtpre01|||Evelyn Anderson/Houston/IBM|Alejandro Antonio Rodriguez Mann/Costa Rica/IBM|URT OS-AIX  VM-bldsarmurtpre01  Proejct/Team - URT BLD  SAM Name-Boulder Prod||1675 Broadway  Suite 1200  CO-80202  -   USA|Potential High Risk|Kenexa Government Solutions  Inc.
IBM_EXP0036|IBM Deutschland Business & Technology Services GmbH|Germany|N/A|UserID Revalidation Tool (URT) Instance :  EMEA|IBM AIX Standard Edition Version 7.1 - Jumbo - ehnsarmurtprd02|||Evelyn Anderson/Houston/IBM|Alejandro Antonio Rodriguez Mann/Costa Rica/IBM|URT OS-AIX  VM-ehnsarmurtprd02  Proejct/Team - URT EHN  SAM Name-Ehningen Prod.||IBM-Allee 1  71139 Ehningen   -  Germany|Part of IBM Group|IBM Group
IBM_IMP0018|SoftLayer Technologies Australia Pty Limited|Australia|N/A|UserID Revalidation Tool (URT) Instance : AP|IBM AIX Standard Edition Version 7.1 - Jumbo - sydsarmurtprd02|||Evelyn Anderson/Houston/IBM|Alejandro Antonio Rodriguez Mann/Costa Rica/IBM|URT OS-AIX  VM-sydsarmurtprd02  Proejct/Team - URT SYD  SAM Name-Sydney Prod||Level 13  IBM Centre  601 Pacific Highway  St Leonards NSW 2065  -   Australia|Part of IBM Group|IBM Group
IBM_IMP0018|SoftLayer Technologies Australia Pty Limited|Australia|N/A|UserID Revalidation Tool (URT) Instance : AP|IBM AIX Standard Edition Version 7.1 - Medium - sydsarmurtpre01|||Evelyn Anderson/Houston/IBM|Alejandro Antonio Rodriguez Mann/Costa Rica/IBM|URT OS-AIX  VM-sydsarmurtpre01  Proejct/Team - URT SYD  SAM Name-Sydney Prod||Level 13  IBM Centre  601 Pacific Highway  St Leonards NSW 2065  -   Australia|Part of IBM Group|IBM Group
1000211195|AT&T GLOBAL NETWORK|ITALY|N/A|IBM Control Desk|Managed Network Services|1/1/2006|12/30/2025|Stephen A Hobbs/Atlanta/IBM|Stephen A Hobbs/Atlanta/IBM|||VIA LIVORNO 60 ENVIRONMENT PARK  10144  TORINO    -    ITALY|Special Vendor|AT&T
00292486000|AT&T GLOBA|AUSTRALIA|N/A|IBM Control Desk|Managed Network Services|1/1/2006|12/31/2025|Stephen A Hobbs/Atlanta/IBM|Stephen A Hobbs/Atlanta/IBM|||LEVEL 8 76 BERRY STREET  2060  NORTH SYDNEY    -    AUSTRALIA|Special Vendor|AT&T
03341093|AT&T GLOBA|BRAZIL|N/A|IBM Control Desk|Managed Network Services|1/1/2006|1/1/2026|Stephen A Hobbs/Atlanta/IBM|Stephen A Hobbs/Atlanta/IBM|||RDV SP 101 TRECHO CAMPINAS MONTE MOR SN  13187-000  HORTOLANDIA    -    BRAZIL|Special Vendor|AT&T
96831890-K|AT&T|CHILE|N/A|IBM Control Desk|Managed Network Services|1/1/2006|1/2/2026|Stephen A Hobbs/Atlanta/IBM|Stephen A Hobbs/Atlanta/IBM|||MALAGA 89 PISO 7 LAS CONDES       -    CHILE|Special Vendor|AT&T
1000152067|AT&T GLOBAL NETWORK SERVICES HONG|CHINA|N/A|IBM Control Desk|Managed Network Services|1/1/2006|1/3/2026|Stephen A Hobbs/Atlanta/IBM|Stephen A Hobbs/Atlanta/IBM|||22F CITYPLAZA ONE TAI KOO SHING   HONG KONG    -    CHINA|Special Vendor|AT&T
1000378751|AT&T ZHONG GUO YOU XIAN GONG SI|CHINA|N/A|IBM Control Desk|Managed Network Services|1/1/2006|1/4/2026|Stephen A Hobbs/Atlanta/IBM|Stephen A Hobbs/Atlanta/IBM|||UNIT 24 TO 32 FLOOR 22 NO 1 JIAN  100004  BEIJING    -    CHINA|Special Vendor|AT&T
8300605585|AT&T GLOBA|COLOMBIA|N/A|IBM Control Desk|Managed Network Services|1/1/2006|1/5/2026|Stephen A Hobbs/Atlanta/IBM|Stephen A Hobbs/Atlanta/IBM|||DIAG 97 NO 17-60 P 9   BOGOTA    -    COLOMBIA|Special Vendor|AT&T
1000131438|AT&T GLOBAL NETWORK SERVICES|DENMARK|N/A|IBM Control Desk|Managed Network Services|1/1/2006|1/6/2026|Stephen A Hobbs/Atlanta/IBM|Stephen A Hobbs/Atlanta/IBM|||NYMØLLEVEJ 85  2800  LYNGBY    -    DENMARK|Special Vendor|AT&T
1791434749001|AT&T GLOBA|ECUADOR|N/A|IBM Control Desk|Managed Network Services|1/1/2006|1/7/2026|Stephen A Hobbs/Atlanta/IBM|Stephen A Hobbs/Atlanta/IBM|||AMAZONA N35 17 Y SAN JUAN PABLO   QUITO    -    ECUADOR|Special Vendor|AT&T
1000253256|AT&T CORP|GERMANY|N/A|IBM Control Desk|Managed Network Services|1/1/2006|1/8/2026|Stephen A Hobbs/Atlanta/IBM|Stephen A Hobbs/Atlanta/IBM|||BLANK  60197-5002  CAROL STREAM    -    GERMANY|Special Vendor|AT&T
1000134841|AT&T GLOBAL NETWORK SERV ESPANA SL|GERMANY|N/A|IBM Control Desk|Managed Network Services|1/1/2006|1/9/2026|Stephen A Hobbs/Atlanta/IBM|Stephen A Hobbs/Atlanta/IBM|||CALLE LOPEZ DE HOYOS 35  28002  MADRID    -    GERMANY|Special Vendor|AT&T
1000094827|AT&T GLOBAL NETWORK SERVICES|GERMANY|N/A|IBM Control Desk|Managed Network Services|1/1/2006|1/10/2026|Stephen A Hobbs/Atlanta/IBM|Stephen A Hobbs/Atlanta/IBM|||BLANK  00101  HELSINKI    -    GERMANY|Special Vendor|AT&T
1000131460|AT&T GLOBAL NETWORK SERVICES|GERMANY|N/A|IBM Control Desk|Managed Network Services|1/1/2006|1/11/2026|Stephen A Hobbs/Atlanta/IBM|Stephen A Hobbs/Atlanta/IBM|||BLANK  164 25  STOCKHOLM    -    GERMANY|Special Vendor|AT&T
1000201077|AT&T GLOBAL NETWORK SERVICES|GERMANY|N/A|IBM Control Desk|Managed Network Services|1/1/2006|1/12/2026|Stephen A Hobbs/Atlanta/IBM|Stephen A Hobbs/Atlanta/IBM|||HIGHFIELD HOUSE  B97 5EQ  REDDITCH    -    GERMANY|Special Vendor|AT&T
1000211195|AT&T GLOBAL NETWORK SERVICES|GERMANY|N/A|IBM Control Desk|Managed Network Services|1/1/2006|1/13/2026|Stephen A Hobbs/Atlanta/IBM|Stephen A Hobbs/Atlanta/IBM|||VIA LIVORNO 60 ENVIRONMENT PARK  10144  TORINO    -    GERMANY|Special Vendor|AT&T
1000388438|AT&T SERVICOS TELECOMUNICAQOES|GERMANY|N/A|IBM Control Desk|Managed Network Services|1/1/2006|1/14/2026|Stephen A Hobbs/Atlanta/IBM|Stephen A Hobbs/Atlanta/IBM|||RUA TOMAS DA FONSECA TORRE G 1  1600-209  LISBOA    -    GERMANY|Special Vendor|AT&T
A00366|AT&T|HONG KONG|N/A|IBM Control Desk|Managed Network Services|1/1/2006|1/15/2026|Stephen A Hobbs/Atlanta/IBM|Stephen A Hobbs/Atlanta/IBM|||ONE AT&T WAY  07921-0752  BEDMINSTER    -    HONG KONG|Special Vendor|AT&T
A0023|AT&T COMMU|INDIA|N/A|IBM Control Desk|Managed Network Services|1/1/2006|1/16/2026|Stephen A Hobbs/Atlanta/IBM|Stephen A Hobbs/Atlanta/IBM|||305 EMBASSY SQUARE       -    INDIA|Special Vendor|AT&T
A0631|AT&T GLOBA|INDIA|N/A|IBM Control Desk|Managed Network Services|1/1/2006|1/17/2026|Stephen A Hobbs/Atlanta/IBM|Stephen A Hobbs/Atlanta/IBM|||MOHAN DEV HOUSE 13 TOISTROY MARG       -    INDIA|Special Vendor|AT&T
199975|AT&T JAPAN KK|JAPAN|N/A|IBM Control Desk|Managed Network Services|1/1/2006|1/18/2026|Stephen A Hobbs/Atlanta/IBM|Stephen A Hobbs/Atlanta/IBM|||SHIN-NIKKO BLD 2-10-1   1050001  TOKYO    -    JAPAN|Special Vendor|AT&T
1000094528|AT&T GLOBAL NETWORK SERVICES|NETHERLANDS|N/A|IBM Control Desk|Managed Network Services|1/1/2006|1/19/2026|Stephen A Hobbs/Atlanta/IBM|Stephen A Hobbs/Atlanta/IBM|||WILHELMINA VAN PRUISENWEG 104  2595 AN  THE HAGUE    -    NETHERLANDS|Special Vendor|AT&T
7003819|AT&T GLOBA|NEW ZEALAND|N/A|IBM Control Desk|Managed Network Services|1/1/2006|1/20/2026|Stephen A Hobbs/Atlanta/IBM|Stephen A Hobbs/Atlanta/IBM|||PO BOX 39240   WELLINGTON    -    NEW ZEALAND|Special Vendor|AT&T
1000131437|AT&T GLOBAL NETWORK SERVICES|NORWAY|N/A|IBM Control Desk|Managed Network Services|1/1/2006|1/21/2026|Stephen A Hobbs/Atlanta/IBM|Stephen A Hobbs/Atlanta/IBM|||BLANK  1411  KOLBOTN    -    NORWAY|Special Vendor|AT&T
A97131|AT&T GLOBA|PHILIPPINES|N/A|IBM Control Desk|Managed Network Services|1/1/2006|1/22/2026|Stephen A Hobbs/Atlanta/IBM|Stephen A Hobbs/Atlanta/IBM|||28F TOWER 2 THE ENTERPRISE CENTER  1226  MAKATI    -    PHILIPPINES|Special Vendor|AT&T
I02877|AT&T SERVI|PORTUGAL|N/A|IBM Control Desk|Managed Network Services|1/1/2006|1/23/2026|Stephen A Hobbs/Atlanta/IBM|Stephen A Hobbs/Atlanta/IBM|||RUA TOMAS DA FONSECA TORRE G 1 ANDAR  1600-209  LISBOA    -    PORTUGAL|Special Vendor|AT&T
A586|AT&T WORLD|SINGAPORE|N/A|IBM Control Desk|Managed Network Services|1/1/2006|1/24/2026|Stephen A Hobbs/Atlanta/IBM|Stephen A Hobbs/Atlanta/IBM|||83 SCIENCE PARK DRIVE 04 03 04 THE  118258  SINGAPORE    -    SINGAPORE|Special Vendor|AT&T
1000133604|AT&T SOUTH AFRICA PTY LTD|SOUTH AFRICA|N/A|IBM Control Desk|Managed Network Services|1/1/2006|1/25/2026|Stephen A Hobbs/Atlanta/IBM|Stephen A Hobbs/Atlanta/IBM|||BLANK  2146  SANDTON    -    SOUTH AFRICA|Special Vendor|AT&T
A00088|AT&T GLOBA|SOUTH KOREA|N/A|IBM Control Desk|Managed Network Services|1/1/2006|1/26/2026|Stephen A Hobbs/Atlanta/IBM|Stephen A Hobbs/Atlanta/IBM|||581 NAMDAEMOONRO 5KA JUNG KU   SEOUL    -    SOUTH KOREA|Special Vendor|AT&T
70385149|AT&T GLOBA|TAIWAN|N/A|IBM Control Desk|Managed Network Services|1/1/2006|1/27/2026|Stephen A Hobbs/Atlanta/IBM|Stephen A Hobbs/Atlanta/IBM|||RM F 16F NO156 SEC 3 MIN SHENG E RD  105  TAIPEI    -    TAIWAN|Special Vendor|AT&T
1000195612|AT&T|UNITED STATES|N/A|IBM Control Desk|Managed Network Services|1/1/2006|1/28/2026|Stephen A Hobbs/Atlanta/IBM|Stephen A Hobbs/Atlanta/IBM|||9805 SCRANTON ROAD  92121-1766  SAN DIEGO    -    UNITED STATES|Special Vendor|AT&T
1000125745|AT&T|UNITED STATES|N/A|IBM Control Desk|Managed Network Services|1/1/2006|1/29/2026|Stephen A Hobbs/Atlanta/IBM|Stephen A Hobbs/Atlanta/IBM|||3405 W MARTIN LUTHER KING BLVD  33607-6212  TAMPA    -    UNITED STATES|Special Vendor|AT&T
1000169757|AT&T DATACOMM INC|UNITED STATES|N/A|IBM Control Desk|Managed Network Services|1/1/2006|1/30/2026|Stephen A Hobbs/Atlanta/IBM|Stephen A Hobbs/Atlanta/IBM|||BLANK  60197-9012  CAROL STREAM    -    UNITED STATES|Special Vendor|AT&T
1000120299|AT&T MOBILITY|UNITED STATES|N/A|IBM Control Desk|Managed Network Services|1/1/2006|1/31/2026|Stephen A Hobbs/Atlanta/IBM|Stephen A Hobbs/Atlanta/IBM|||BLANK  98073-9768  REDMOND    -    UNITED STATES|Special Vendor|AT&T
A473|AT&T GLOBAL NETW|VENEZUELA|N/A|IBM Control Desk|Managed Network Services|1/1/2006|2/1/2026|Stephen A Hobbs/Atlanta/IBM|Stephen A Hobbs/Atlanta/IBM|||AVENIDA LA ESTANCIA  CENTRO BANAVEN       -    VENEZUELA|Special Vendor|AT&T
1000410488|SERVICENOW NEDERLAND B V|SWITZERLAND|N/A|ServiceNow|Systems Management Operations like (1) Integrated Service Management and Governance; (2) Portable Storage Media; (3) System Operations and (4) Systems Management Integration|1/1/2012|2/2/2026|Stephen A Hobbs/Atlanta/IBM|Stephen A Hobbs/Atlanta/IBM|||HOEKENRODE 3  1102 BR  AMSTERDAM ZUIDOOST    -    SWITZERLAND|Potential High Risk|SERVICENOW
1000448034|SERVICENOW UK LTD|UNITED KINGDOM|N/A|ServiceNow|Systems Management Operations like (1) Integrated Service Management and Governance; (2) Portable Storage Media; (3) System Operations and (4) Systems Management Integration|1/1/2012|2/3/2026|Stephen A Hobbs/Atlanta/IBM|Stephen A Hobbs/Atlanta/IBM|||1 BRIDGE STREET  TW18 4TW  STAINES UPON THAMES    -    UNITED KINGDOM|Potential High Risk|SERVICENOW
1000392210|SERVICENOW INC|UNITED STATES|N/A|ServiceNow|Systems Management Operations like (1) Integrated Service Management and Governance; (2) Portable Storage Media; (3) System Operations and (4) Systems Management Integration|1/1/2012|2/4/2026|Stephen A Hobbs/Atlanta/IBM|Stephen A Hobbs/Atlanta/IBM|||4810 EASTGATE MALL  92121-1971  SAN DIEGO    -    UNITED STATES|Potential High Risk|SERVICENOW
IBM_IMP0226|Blue Box Group  Inc.|United States|N/A|IBM Control Desk|Distributed Middleware  Databases  Servers and Storage Management|1/1/2016|2/5/2026|Stephen A Hobbs/Atlanta/IBM|Stephen A Hobbs/Atlanta/IBM|||160 Greentree Drive  Suite 101  DE-19904  -   USA|Potential High Risk|Blue Box Group  Inc.
IBM_EXP0028|Softlayer Technologies France S.A.S.|France|N/A|IBM Control Desk|Distributed Middleware  Databases  Servers and Storage Management|1/1/2014|2/6/2026|Stephen A Hobbs/Atlanta/IBM|Stephen A Hobbs/Atlanta/IBM|||7 rue Petit 92110 Clichy   -  France|Part of IBM Group|IBM Group
IBM_EXP0054|Softlayer Technologies Deutschland GmbH|Germany|N/A|IBM Control Desk|Distributed Middleware  Databases  Servers and Storage Management|1/1/2014|2/7/2026|Stephen A Hobbs/Atlanta/IBM|Stephen A Hobbs/Atlanta/IBM|||Wilhelm-Fay-Straße 30-34  65936 Frankfurt am Main  -  Germany|Part of IBM Group|IBM Group
IBM_EXP0070|SoftLayer Technologies Italia S.r.l. |Italy|N/A|IBM Control Desk|Distributed Middleware  Databases  Servers and Storage Management|1/1/2014|2/8/2026|Stephen A Hobbs/Atlanta/IBM|Stephen A Hobbs/Atlanta/IBM|||Via Monzoro 101 – 105  20010 Cornaredo (MI)  -  Italy|Part of IBM Group|IBM Group
IBM_EXP0110|SoftLayer Dutch Holdings B.V|Netherlands|N/A|IBM Control Desk|Distributed Middleware  Databases  Servers and Storage Management|1/1/2014|2/9/2026|Stephen A Hobbs/Atlanta/IBM|Stephen A Hobbs/Atlanta/IBM|||Paul van Vlissingenstraat 16 1096 BK Amsterdam   -  Netherlands|Part of IBM Group|IBM Group
IBM_EXP0111|SoftLayer Technologies Netherlands B.V.|Netherlands|N/A|IBM Control Desk|Distributed Middleware  Databases  Servers and Storage Management|1/1/2014|2/10/2026|Stephen A Hobbs/Atlanta/IBM|Stephen A Hobbs/Atlanta/IBM|||Paul van Vlissingenstraat 16 1096 BK Amsterdam   -  Netherlands|Part of IBM Group|IBM Group
IBM_EXP0161|Softlayer Technologies UK Limited|United Kingdom|N/A|IBM Control Desk|Distributed Middleware  Databases  Servers and Storage Management|1/1/2014|2/11/2026|Stephen A Hobbs/Atlanta/IBM|Stephen A Hobbs/Atlanta/IBM|||8 Lincolns Inn Fields  London  WC2A 3BP  -  United Kingdom|Part of IBM Group|IBM Group
IBM_IMP0018|SoftLayer Technologies Australia Pty Limited|Australia|N/A|IBM Control Desk|Distributed Middleware  Databases  Servers and Storage Management|1/1/2014|2/12/2026|Stephen A Hobbs/Atlanta/IBM|Stephen A Hobbs/Atlanta/IBM|||Level 13  IBM Centre  601 Pacific Highway  St Leonards NSW 2065  -   Australia|Part of IBM Group|IBM Group
IBM_IMP0032|Softlayer Technologies do Brasil Ltda.|Brazil|N/A|IBM Control Desk|Distributed Middleware  Databases  Servers and Storage Management|1/1/2014|2/13/2026|Stephen A Hobbs/Atlanta/IBM|Stephen A Hobbs/Atlanta/IBM|||Rua Presbitero Plinio Alves De Souza  n. 757  Bairro Medeiros  Jundiai  13212-181  -   Brazil|Part of IBM Group|IBM Group
IBM_IMP0050|SoftLayer Technologies Canada Corporation / Societe SoftLayer Technologies Canada|Canada|N/A|IBM Control Desk|Distributed Middleware  Databases  Servers and Storage Management|1/1/2014|2/14/2026|Stephen A Hobbs/Atlanta/IBM|Stephen A Hobbs/Atlanta/IBM|||1959 Upper Water Street  Suite 900  Halifax  B3J3N2  -   Canada|Part of IBM Group|IBM Group
IBM_IMP0085|Softlayer Technologies Hong Kong Limited|Hong Kong|N/A|IBM Control Desk|Distributed Middleware  Databases  Servers and Storage Management|1/1/2014|2/15/2026|Stephen A Hobbs/Atlanta/IBM|Stephen A Hobbs/Atlanta/IBM|||Level 54  Hopewell Centre  183 Queens Road East  -   Hong Kong|Part of IBM Group|IBM Group
IBM_IMP0100|SoftLayer Technologies India Private Limited|India|N/A|IBM Control Desk|Distributed Middleware  Databases  Servers and Storage Management|1/1/2014|2/16/2026|Stephen A Hobbs/Atlanta/IBM|Stephen A Hobbs/Atlanta/IBM|||No.12  Subramanya Arcade  Bannerghatta Main Road  -   India|Part of IBM Group|IBM Group
IBM_IMP0140|SoftLayer Technologies Japan K.K.|Japan|N/A|IBM Control Desk|Distributed Middleware  Databases  Servers and Storage Management|1/1/2014|2/17/2026|Stephen A Hobbs/Atlanta/IBM|Stephen A Hobbs/Atlanta/IBM|||19-21 Nihonbashi Hakozaki-cho Chuo-ku  Tokyo 103-8510  -   Japan|Part of IBM Group|IBM Group
IBM_IMP0163|SoftLayer Technologies Mexico  S. de R.L. de C.V.|Mexico|N/A|IBM Control Desk|Distributed Middleware  Databases  Servers and Storage Management|1/1/2014|2/18/2026|Stephen A Hobbs/Atlanta/IBM|Stephen A Hobbs/Atlanta/IBM|||Alfonso Nápoles Gandara 3111  Parque  Corporativo de Peña Blanca  Santa Fe 01210  -   Mexico|Part of IBM Group|IBM Group
IBM_IMP0201|Softlayer Technologies Asia Private Limited|Singapore|N/A|IBM Control Desk|Distributed Middleware  Databases  Servers and Storage Management|1/1/2014|2/19/2026|Stephen A Hobbs/Atlanta/IBM|Stephen A Hobbs/Atlanta/IBM|||80 Robinson Road  #02-00  068898   -   Singapore|Part of IBM Group|IBM Group
IBM_IMP0326|Softlayer Holdings  Inc.|United States|N/A|IBM Control Desk|Distributed Middleware  Databases  Servers and Storage Management|1/1/2014|2/20/2026|Stephen A Hobbs/Atlanta/IBM|Stephen A Hobbs/Atlanta/IBM|||c/o The Corporation Trust Company  Corporation Trust Center  1209 Orange Street  DE-19801  -   USA|Part of IBM Group|IBM Group
IBM_IMP0327|Softlayer II Holdings Company  Inc.|United States|N/A|IBM Control Desk|Distributed Middleware  Databases  Servers and Storage Management|1/1/2014|2/21/2026|Stephen A Hobbs/Atlanta/IBM|Stephen A Hobbs/Atlanta/IBM|||c/o The Corporation Trust Company  Corporation Trust Center  1209 Orange Street  DE-19801  -   USA|Part of IBM Group|IBM Group
IBM_IMP0328|Softlayer Intermediate Holdings  LLC|United States|N/A|IBM Control Desk|Distributed Middleware  Databases  Servers and Storage Management|1/1/2014|2/22/2026|Stephen A Hobbs/Atlanta/IBM|Stephen A Hobbs/Atlanta/IBM|||c/o The Corporation Trust Company  Corporation Trust Center  1209 Orange Street  DE-19801  -   USA|Part of IBM Group|IBM Group
IBM_IMP0329|Softlayer Technologies  Inc.|United States|N/A|IBM Control Desk|Distributed Middleware  Databases  Servers and Storage Management|1/1/2014|2/23/2026|Stephen A Hobbs/Atlanta/IBM|Stephen A Hobbs/Atlanta/IBM|||c/o The Corporation Trust Company  Corporation Trust Center  1209 Orange Street  DE-19801  -   USA|Part of IBM Group|IBM Group
1000319666|CITRIX SYSTEMS|UNITED STATES|N/A|XenDesktop|Mobility Services Delivery; Managed Mobility and Workplace Support Services|||Mahesh Balakrishnan|Mahesh Balakrishnan|04-May-18: As per June Rooker info  this Tool does not process Client Controlled PD||851 WEST CYPRESS CREEK RD  33309-2040  FORT LAUDERDALE    -    UNITED STATES|Special Vendor|Citrix
1000319666|CITRIX SYSTEMS|UNITED STATES|N/A|XenApp|Mobility Services Delivery; Managed Mobility and Workplace Support Services|||Mahesh Balakrishnan|Mahesh Balakrishnan|04-May-18: As per June Rooker info  this Tool does not process Client Controlled PD||851 WEST CYPRESS CREEK RD  33309-2040  FORT LAUDERDALE    -    UNITED STATES|Special Vendor|Citrix
1000319666|CITRIX SYSTEMS|UNITED STATES|N/A|Netscaler|Mobility Services Delivery; Managed Mobility and Workplace Support Services|||Mahesh Balakrishnan|Mahesh Balakrishnan|04-May-18: As per June Rooker info  this Tool does not process Client Controlled PD||851 WEST CYPRESS CREEK RD  33309-2040  FORT LAUDERDALE    -    UNITED STATES|Special Vendor|Citrix
288700800|CITRIX SYS|AUSTRALIA|N/A|XenDesktop|Mobility Services Delivery; Managed Mobility and Workplace Support Services|||Mahesh Balakrishnan|Mahesh Balakrishnan|04-May-18: As per June Rooker info  this Tool does not process Client Controlled PD||PO BOX2085  1670  NORTH RYDE    -    AUSTRALIA|Special Vendor|Citrix
288700800|CITRIX SYS|AUSTRALIA|N/A|XenApp|Mobility Services Delivery; Managed Mobility and Workplace Support Services|||Mahesh Balakrishnan|Mahesh Balakrishnan|04-May-18: As per June Rooker info  this Tool does not process Client Controlled PD||PO BOX2085  1670  NORTH RYDE    -    AUSTRALIA|Special Vendor|Citrix
IBM_IMP0329|Softlayer Technologies  Inc.|United States|N/A|SoftLayer hosting||11/13/2013|||Qureshi  Farooq|||c/o The Corporation Trust Company  Corporation Trust Center  1209 Orange Street  DE-19801  -   USA|Part of IBM Group|IBM Group
1000195612|AT&T|UNITED STATES|N/A|Network|Managed Network Services||||Qureshi  Farooq|We do not directly deal with the AT&T and do not know exactly which one is the corect entity  listing both.  At Boulder location  the AT&T manages the network side for the whole DC and some of our legacy machines are there.||9805 SCRANTON ROAD  92121-1766  SAN DIEGO    -    UNITED STATES|Special Vendor|AT&T
1000125745|AT&T|UNITED STATES|N/A|Network|Managed Network Services||||Qureshi  Farooq|We do not directly deal with the AT&T and do not know exactly which one is the corect entity  listing both.  At Boulder location  the AT&T manages the network side for the whole DC and some of our legacy machines are there.||3405 W MARTIN LUTHER KING BLVD  33607-6212  TAMPA    -    UNITED STATES|Special Vendor|AT&T
IBM_IMP0096|IBM India Private Limited|India|N/A|OS  Middleware  Security|Systems Management Operations like (1) Integrated Service Management and Governance; (2) Portable Storage Media; (3) System Operations and (4) Systems Management Integration|||Anderson  Leo|Qureshi  Farooq|||No.12  Subramanya Arcade  Bannerghatta Main Road  Bangaluru - 560029  -   India|Part of IBM Group|IBM Group
IBM_IMP0057|IBM (China) Co.  Ltd.|China|N/A|Cognos/DataStage|Systems Management Operations like (1) Integrated Service Management and Governance; (2) Portable Storage Media; (3) System Operations and (4) Systems Management Integration||||Qureshi  Farooq|||7F  Building 10  399 Keyuan Road  Zhangjiang Hi-Tech Park   Shanghai   201203  -   China|Part of IBM Group|IBM Group
IBM_IMP0070|IBM Business Transformation Center  S.r.l.|Costa Rica|N/A|Cognos/DataStage|Systems Management Operations like (1) Integrated Service Management and Governance; (2) Portable Storage Media; (3) System Operations and (4) Systems Management Integration||||Qureshi  Farooq|||F30 Americas Free Trade Zone  Calle La Rusia  -   Costa Rica|Part of IBM Group|IBM Group
IBM_IMP0043|International Business Machines Canada Limited|Canada|N/A|Cognos/DataStage|Systems Management Operations like (1) Integrated Service Management and Governance; (2) Portable Storage Media; (3) System Operations and (4) Systems Management Integration||||Qureshi  Farooq|||3600 Steeles Avenue East   Ontario L3R 9Z7  -   Canada|Part of IBM Group|IBM Group
IBM_IMP0002|IBM Argentina Sociedad de Responsabilidad Limitada|Argentina|N/A|Cognos/DataStage|Systems Management Operations like (1) Integrated Service Management and Governance; (2) Portable Storage Media; (3) System Operations and (4) Systems Management Integration||||Qureshi  Farooq|||Pasaje Ingeniero Enrique Butty 275  piso 21  Buenos Aires   C1001AFA  -   Argentina|Part of IBM Group|IBM Group
IBM_IMP0029|IBM Brasil-Industria  Maquinas e Servicos Limitada|Brazil|N/A|Cognos/DataStage|Systems Management Operations like (1) Integrated Service Management and Governance; (2) Portable Storage Media; (3) System Operations and (4) Systems Management Integration||||Qureshi  Farooq|||Av. Pasteur  138/146  Botafogo  Rio de Janeiro  RJ 22290-240  -   Brazil|Part of IBM Group|IBM Group
IBM_EXP0116|IBM Polska Sp. z o.o.IBM BTO Business Consulting Services Sp.z.o.o.|Poland|N/A|Cognos/DataStage|Systems Management Operations like (1) Integrated Service Management and Governance; (2) Portable Storage Media; (3) System Operations and (4) Systems Management Integration||||Qureshi  Farooq|||ul. Krakowiaków 32  02-255 Warszawaul. Krakowiakow 32  02 - 255 Warszawa  -  Poland|Part of IBM Group|IBM Group
Site ID 0017|Balarus||N/A|Cognos/DataStage|Systems Management Operations like (1) Integrated Service Management and Governance; (2) Portable Storage Media; (3) System Operations and (4) Systems Management Integration|||||site ID is per the April legal entities list|||Potential High Risk|Balarus
000424|CRYS COMPU|ROMANIA|N/A|Identity Governance and Intelligence (IGI)|Identity and Access Management as a Service (IAMaaS)|||Evelyn Anderson/Houston/IBM  Prema Vivekanandan/Boulder/IBM|Ashiq Pai/India/IBM  Alberto Mainieri/Costa Rica/IBM|L2 - LCM support for  Identity & Access Management (*all)  Tools||ANASTASIE PANU NR 50 ETAJUL 1 SPATIUL A  31161  BUCURESTI    -    ROMANIA|Potential High Risk|CRYS COMPU
