ID|IBM CIC Name|IBM CIC full address|Country|Is Your CIC delivering this service YES / NO|IBM Entity Name or 3rd Party Vendor name|Is there further sub-contracting to second or third tier vendors? If so please provide the full names and full address of 2nd or 3rd tier vendors|Service Area|GSO|Service Area Contact Owner|Assesment Owner|NOTE
Err:509|IBM India Private Limited|No.12 Subramanya Arcade Bannerghatta Main Road Bangaluru - 560029  -   India|India|Yes|NA HCL AUSTRALIA SERVICES PTY LIMITED|HCL Level 0 Tower 7 Magarpatta SEZ Pune India-411013|ERP & Applications|Compute|Vickram Nagi/India/IBM|Loi Chan|ADM Application Support
IBM CIC  -  China|IBM Solution and Services (Shenzhen) Co. Ltd.|10F GuoRen Building No.5 3 Gaoxin Rd. C. Hi-Tech Industrial Park NanShan District ShenZhen China(518057)|China|Yes|IBM Dalian Global Delivery Company Limited Suzhou Branch   WUHAN BJC TECHNOLOGY CO LTD  Advanced Systems Development Co. Ltd.  Artech China Limited  BEIJING CAMELOT TECHNOLOGY CO. LTD  Manpowergroup (China) Human Resources Co. Ltd.  ISOFTSTONE TECHNOLOGY SERVICE COMPANY LIMITED|IBM Dalian Global Delivery Company Limited Suzhou Branch - No.88 Dongchang Road Industry District Suzhou250001 China -  WUHAN BJC TECHNOLOGY CO LTD 12FF1 Building Optical Valley Park Eastlake Development Zone  Wuhan Hubei China Advanced Systems Development Co. Ltd. 5/F   GICOM PLAZA No. 5 5th Street Shangdi IT industry Park Beijing P.R.C. Artech China Limited 210-212 Building 9  Dalian Software Park No. 18 Software Road Dalian China    BEIJING CAMELOT TECHNOLOGY CO. LTD 11/F No.6 North third Ring Road Xicheng District Beijing 100120 P. R. China  Manpowergroup (China) Human Resources Co. Ltd. 36 floorXinmei Union Square No. 999 Pudong New Area Shanghai City China  ISOFTSTONE TECHNOLOGY SERVICE COMPANY LIMITED No. 16 courtyard No. 10 Wandong Road Haidian District Beijing China|Distributed - Wintel|Compute|Jerry Yang/China/IBM||
IBM CIC  -  China|IBM Solution and Services (Shenzhen) Co. Ltd.|10F GuoRen Building No.5 3 Gaoxin Rd. C. Hi-Tech Industrial Park NanShan District ShenZhen China(518057)|China|Yes|IBM Dalian Global Delivery Company Limited Suzhou Branch   WUHAN BJC TECHNOLOGY CO LTD  Advanced Systems Development Co. Ltd.  Artech China Limited  BEIJING CAMELOT TECHNOLOGY CO. LTD  Manpowergroup (China) Human Resources Co. Ltd.  ISOFTSTONE TECHNOLOGY SERVICE COMPANY LIMITED|IBM Dalian Global Delivery Company Limited Suzhou Branch - No.88 Dongchang Road Industry District Suzhou250001 China -  WUHAN BJC TECHNOLOGY CO LTD 12FF1 Building Optical Valley Park Eastlake Development Zone  Wuhan Hubei China Advanced Systems Development Co. Ltd. 5/F   GICOM PLAZA No. 5 5th Street Shangdi IT industry Park Beijing P.R.C. Artech China Limited 210-212 Building 9  Dalian Software Park No. 18 Software Road Dalian China    BEIJING CAMELOT TECHNOLOGY CO. LTD 11/F No.6 North third Ring Road Xicheng District Beijing 100120 P. R. China  Manpowergroup (China) Human Resources Co. Ltd. 36 floorXinmei Union Square No. 999 Pudong New Area Shanghai City China  ISOFTSTONE TECHNOLOGY SERVICE COMPANY LIMITED No. 16 courtyard No. 10 Wandong Road Haidian District Beijing China|Distributed – VMWare/Citrix|Compute|Jerry Yang/China/IBM||
IBM CIC  -  China|IBM Solution and Services (Shenzhen) Co. Ltd.|10F GuoRen Building No.5 3 Gaoxin Rd. C. Hi-Tech Industrial Park NanShan District ShenZhen China(518057)|China|Yes|IBM Dalian Global Delivery Company Limited Suzhou Branch   WUHAN BJC TECHNOLOGY CO LTD  Advanced Systems Development Co. Ltd.  Artech China Limited  BEIJING CAMELOT TECHNOLOGY CO. LTD  Manpowergroup (China) Human Resources Co. Ltd.  ISOFTSTONE TECHNOLOGY SERVICE COMPANY LIMITED|IBM Dalian Global Delivery Company Limited Suzhou Branch - No.88 Dongchang Road Industry District Suzhou250001 China -  WUHAN BJC TECHNOLOGY CO LTD 12FF1 Building Optical Valley Park Eastlake Development Zone  Wuhan Hubei China Advanced Systems Development Co. Ltd. 5/F   GICOM PLAZA No. 5 5th Street Shangdi IT industry Park Beijing P.R.C. Artech China Limited 210-212 Building 9  Dalian Software Park No. 18 Software Road Dalian China    BEIJING CAMELOT TECHNOLOGY CO. LTD 11/F No.6 North third Ring Road Xicheng District Beijing 100120 P. R. China  Manpowergroup (China) Human Resources Co. Ltd. 36 floorXinmei Union Square No. 999 Pudong New Area Shanghai City China  ISOFTSTONE TECHNOLOGY SERVICE COMPANY LIMITED No. 16 courtyard No. 10 Wandong Road Haidian District Beijing China|Distributed – Unix/Linux|Compute|Tao Weng/China/IBM||
IBM CIC  -  China|IBM Solution and Services (Shenzhen) Co. Ltd.|10F GuoRen Building No.5 3 Gaoxin Rd. C. Hi-Tech Industrial Park NanShan District ShenZhen China(518057)|China|Yes|IBM Dalian Global Delivery Company Limited Suzhou Branch   WUHAN BJC TECHNOLOGY CO LTD  Advanced Systems Development Co. Ltd.  Artech China Limited  BEIJING CAMELOT TECHNOLOGY CO. LTD  Manpowergroup (China) Human Resources Co. Ltd.  ISOFTSTONE TECHNOLOGY SERVICE COMPANY LIMITED|IBM Dalian Global Delivery Company Limited Suzhou Branch - No.88 Dongchang Road Industry District Suzhou250001 China -  WUHAN BJC TECHNOLOGY CO LTD 12FF1 Building Optical Valley Park Eastlake Development Zone  Wuhan Hubei China Advanced Systems Development Co. Ltd. 5/F   GICOM PLAZA No. 5 5th Street Shangdi IT industry Park Beijing P.R.C. Artech China Limited 210-212 Building 9  Dalian Software Park No. 18 Software Road Dalian China    BEIJING CAMELOT TECHNOLOGY CO. LTD 11/F No.6 North third Ring Road Xicheng District Beijing 100120 P. R. China  Manpowergroup (China) Human Resources Co. Ltd. 36 floorXinmei Union Square No. 999 Pudong New Area Shanghai City China  ISOFTSTONE TECHNOLOGY SERVICE COMPANY LIMITED No. 16 courtyard No. 10 Wandong Road Haidian District Beijing China|Distributed - Project|Compute|Lin En Li/China/IBM||
IBM CIC  -  China|IBM Solution and Services (Shenzhen) Co. Ltd.|10F GuoRen Building No.5 3 Gaoxin Rd. C. Hi-Tech Industrial Park NanShan District ShenZhen China(518057)|China|Yes|IBM Dalian Global Delivery Company Limited Suzhou Branch   WUHAN BJC TECHNOLOGY CO LTD  Advanced Systems Development Co. Ltd.  Artech China Limited  BEIJING CAMELOT TECHNOLOGY CO. LTD  Manpowergroup (China) Human Resources Co. Ltd.  ISOFTSTONE TECHNOLOGY SERVICE COMPANY LIMITED|IBM Dalian Global Delivery Company Limited Suzhou Branch - No.88 Dongchang Road Industry District Suzhou250001 China -  WUHAN BJC TECHNOLOGY CO LTD 12FF1 Building Optical Valley Park Eastlake Development Zone  Wuhan Hubei China Advanced Systems Development Co. Ltd. 5/F   GICOM PLAZA No. 5 5th Street Shangdi IT industry Park Beijing P.R.C. Artech China Limited 210-212 Building 9  Dalian Software Park No. 18 Software Road Dalian China    BEIJING CAMELOT TECHNOLOGY CO. LTD 11/F No.6 North third Ring Road Xicheng District Beijing 100120 P. R. China  Manpowergroup (China) Human Resources Co. Ltd. 36 floorXinmei Union Square No. 999 Pudong New Area Shanghai City China  ISOFTSTONE TECHNOLOGY SERVICE COMPANY LIMITED No. 16 courtyard No. 10 Wandong Road Haidian District Beijing China|Performance and Capacity Management|Compute|Hong Bo Ma/China/IBM||
IBM CIC  -  China|IBM Solution and Services (Shenzhen) Co. Ltd.|10F GuoRen Building No.5 3 Gaoxin Rd. C. Hi-Tech Industrial Park NanShan District ShenZhen China(518057)|China|Yes|IBM Dalian Global Delivery Company Limited Suzhou Branch   WUHAN BJC TECHNOLOGY CO LTD  Advanced Systems Development Co. Ltd.  Artech China Limited  BEIJING CAMELOT TECHNOLOGY CO. LTD  Manpowergroup (China) Human Resources Co. Ltd.  ISOFTSTONE TECHNOLOGY SERVICE COMPANY LIMITED|IBM Dalian Global Delivery Company Limited Suzhou Branch - No.88 Dongchang Road Industry District Suzhou250001 China -  WUHAN BJC TECHNOLOGY CO LTD 12FF1 Building Optical Valley Park Eastlake Development Zone  Wuhan Hubei China Advanced Systems Development Co. Ltd. 5/F   GICOM PLAZA No. 5 5th Street Shangdi IT industry Park Beijing P.R.C. Artech China Limited 210-212 Building 9  Dalian Software Park No. 18 Software Road Dalian China    BEIJING CAMELOT TECHNOLOGY CO. LTD 11/F No.6 North third Ring Road Xicheng District Beijing 100120 P. R. China  Manpowergroup (China) Human Resources Co. Ltd. 36 floorXinmei Union Square No. 999 Pudong New Area Shanghai City China  ISOFTSTONE TECHNOLOGY SERVICE COMPANY LIMITED No. 16 courtyard No. 10 Wandong Road Haidian District Beijing China|System Operations - Distributed|Compute|Terence CS Lo/China/IBM||
IBM CIC  -  China|IBM Solution and Services (Shenzhen) Co. Ltd.|10F GuoRen Building No.5 3 Gaoxin Rd. C. Hi-Tech Industrial Park NanShan District ShenZhen China(518057)|China|Yes|IBM Dalian Global Delivery Company Limited Suzhou Branch   WUHAN BJC TECHNOLOGY CO LTD  Advanced Systems Development Co. Ltd.  Artech China Limited  BEIJING CAMELOT TECHNOLOGY CO. LTD  Manpowergroup (China) Human Resources Co. Ltd.  ISOFTSTONE TECHNOLOGY SERVICE COMPANY LIMITED|IBM Dalian Global Delivery Company Limited Suzhou Branch - No.88 Dongchang Road Industry District Suzhou250001 China -  WUHAN BJC TECHNOLOGY CO LTD 12FF1 Building Optical Valley Park Eastlake Development Zone  Wuhan Hubei China Advanced Systems Development Co. Ltd. 5/F   GICOM PLAZA No. 5 5th Street Shangdi IT industry Park Beijing P.R.C. Artech China Limited 210-212 Building 9  Dalian Software Park No. 18 Software Road Dalian China    BEIJING CAMELOT TECHNOLOGY CO. LTD 11/F No.6 North third Ring Road Xicheng District Beijing 100120 P. R. China  Manpowergroup (China) Human Resources Co. Ltd. 36 floorXinmei Union Square No. 999 Pudong New Area Shanghai City China  ISOFTSTONE TECHNOLOGY SERVICE COMPANY LIMITED No. 16 courtyard No. 10 Wandong Road Haidian District Beijing China|Distributed Database|Compute|Kevin Lau/China/IBM||
IBM CIC  -  China|IBM Solution and Services (Shenzhen) Co. Ltd.|10F GuoRen Building No.5 3 Gaoxin Rd. C. Hi-Tech Industrial Park NanShan District ShenZhen China(518057)|China|Yes|IBM Dalian Global Delivery Company Limited Suzhou Branch   WUHAN BJC TECHNOLOGY CO LTD  Advanced Systems Development Co. Ltd.  Artech China Limited  BEIJING CAMELOT TECHNOLOGY CO. LTD  Manpowergroup (China) Human Resources Co. Ltd.  ISOFTSTONE TECHNOLOGY SERVICE COMPANY LIMITED|IBM Dalian Global Delivery Company Limited Suzhou Branch - No.88 Dongchang Road Industry District Suzhou250001 China -  WUHAN BJC TECHNOLOGY CO LTD 12FF1 Building Optical Valley Park Eastlake Development Zone  Wuhan Hubei China Advanced Systems Development Co. Ltd. 5/F   GICOM PLAZA No. 5 5th Street Shangdi IT industry Park Beijing P.R.C. Artech China Limited 210-212 Building 9  Dalian Software Park No. 18 Software Road Dalian China    BEIJING CAMELOT TECHNOLOGY CO. LTD 11/F No.6 North third Ring Road Xicheng District Beijing 100120 P. R. China  Manpowergroup (China) Human Resources Co. Ltd. 36 floorXinmei Union Square No. 999 Pudong New Area Shanghai City China  ISOFTSTONE TECHNOLOGY SERVICE COMPANY LIMITED No. 16 courtyard No. 10 Wandong Road Haidian District Beijing China|Distributed Middleware|Compute|Kevin Lau/China/IBM||
IBM CIC  -  China|IBM Solution and Services (Shenzhen) Co. Ltd.|10F GuoRen Building No.5 3 Gaoxin Rd. C. Hi-Tech Industrial Park NanShan District ShenZhen China(518057)|China|Yes|IBM Dalian Global Delivery Company Limited Suzhou Branch   WUHAN BJC TECHNOLOGY CO LTD  Advanced Systems Development Co. Ltd.  Artech China Limited  BEIJING CAMELOT TECHNOLOGY CO. LTD  Manpowergroup (China) Human Resources Co. Ltd.  ISOFTSTONE TECHNOLOGY SERVICE COMPANY LIMITED|IBM Dalian Global Delivery Company Limited Suzhou Branch - No.88 Dongchang Road Industry District Suzhou250001 China -  WUHAN BJC TECHNOLOGY CO LTD 12FF1 Building Optical Valley Park Eastlake Development Zone  Wuhan Hubei China Advanced Systems Development Co. Ltd. 5/F   GICOM PLAZA No. 5 5th Street Shangdi IT industry Park Beijing P.R.C. Artech China Limited 210-212 Building 9  Dalian Software Park No. 18 Software Road Dalian China    BEIJING CAMELOT TECHNOLOGY CO. LTD 11/F No.6 North third Ring Road Xicheng District Beijing 100120 P. R. China  Manpowergroup (China) Human Resources Co. Ltd. 36 floorXinmei Union Square No. 999 Pudong New Area Shanghai City China  ISOFTSTONE TECHNOLOGY SERVICE COMPANY LIMITED No. 16 courtyard No. 10 Wandong Road Haidian District Beijing China|Email & Collaboration|Compute|Jerry Yang/China/IBM||
IBM CIC  -  China|IBM Solution and Services (Shenzhen) Co. Ltd.|10F GuoRen Building No.5 3 Gaoxin Rd. C. Hi-Tech Industrial Park NanShan District ShenZhen China(518057)|China|Yes|IBM Dalian Global Delivery Company Limited Suzhou Branch   WUHAN BJC TECHNOLOGY CO LTD  Advanced Systems Development Co. Ltd.  Artech China Limited  BEIJING CAMELOT TECHNOLOGY CO. LTD  Manpowergroup (China) Human Resources Co. Ltd.  ISOFTSTONE TECHNOLOGY SERVICE COMPANY LIMITED|IBM Dalian Global Delivery Company Limited Suzhou Branch - No.88 Dongchang Road Industry District Suzhou250001 China -  WUHAN BJC TECHNOLOGY CO LTD 12FF1 Building Optical Valley Park Eastlake Development Zone  Wuhan Hubei China Advanced Systems Development Co. Ltd. 5/F   GICOM PLAZA No. 5 5th Street Shangdi IT industry Park Beijing P.R.C. Artech China Limited 210-212 Building 9  Dalian Software Park No. 18 Software Road Dalian China    BEIJING CAMELOT TECHNOLOGY CO. LTD 11/F No.6 North third Ring Road Xicheng District Beijing 100120 P. R. China  Manpowergroup (China) Human Resources Co. Ltd. 36 floorXinmei Union Square No. 999 Pudong New Area Shanghai City China  ISOFTSTONE TECHNOLOGY SERVICE COMPANY LIMITED No. 16 courtyard No. 10 Wandong Road Haidian District Beijing China|Backup as a Service|Resiliency and Storage Services|Tao Weng/China/IBM||
IBM CIC  -  China|IBM Solution and Services (Shenzhen) Co. Ltd.|10F GuoRen Building No.5 3 Gaoxin Rd. C. Hi-Tech Industrial Park NanShan District ShenZhen China(518057)|China|Yes|IBM Dalian Global Delivery Company Limited Suzhou Branch   WUHAN BJC TECHNOLOGY CO LTD  Advanced Systems Development Co. Ltd.  Artech China Limited  BEIJING CAMELOT TECHNOLOGY CO. LTD  Manpowergroup (China) Human Resources Co. Ltd.  ISOFTSTONE TECHNOLOGY SERVICE COMPANY LIMITED|IBM Dalian Global Delivery Company Limited Suzhou Branch - No.88 Dongchang Road Industry District Suzhou250001 China -  WUHAN BJC TECHNOLOGY CO LTD 12FF1 Building Optical Valley Park Eastlake Development Zone  Wuhan Hubei China Advanced Systems Development Co. Ltd. 5/F   GICOM PLAZA No. 5 5th Street Shangdi IT industry Park Beijing P.R.C. Artech China Limited 210-212 Building 9  Dalian Software Park No. 18 Software Road Dalian China    BEIJING CAMELOT TECHNOLOGY CO. LTD 11/F No.6 North third Ring Road Xicheng District Beijing 100120 P. R. China  Manpowergroup (China) Human Resources Co. Ltd. 36 floorXinmei Union Square No. 999 Pudong New Area Shanghai City China  ISOFTSTONE TECHNOLOGY SERVICE COMPANY LIMITED No. 16 courtyard No. 10 Wandong Road Haidian District Beijing China|Distributed Storage Services|Resiliency and Storage Services|Tao Weng/China/IBM||
IBM CIC  -  China|IBM Solution and Services (Shenzhen) Co. Ltd.|10F GuoRen Building No.5 3 Gaoxin Rd. C. Hi-Tech Industrial Park NanShan District ShenZhen China(518057)|China|Yes|IBM Dalian Global Delivery Company Limited Suzhou Branch   WUHAN BJC TECHNOLOGY CO LTD  Advanced Systems Development Co. Ltd.  Artech China Limited  BEIJING CAMELOT TECHNOLOGY CO. LTD  Manpowergroup (China) Human Resources Co. Ltd.  ISOFTSTONE TECHNOLOGY SERVICE COMPANY LIMITED|IBM Dalian Global Delivery Company Limited Suzhou Branch - No.88 Dongchang Road Industry District Suzhou250001 China -  WUHAN BJC TECHNOLOGY CO LTD 12FF1 Building Optical Valley Park Eastlake Development Zone  Wuhan Hubei China Advanced Systems Development Co. Ltd. 5/F   GICOM PLAZA No. 5 5th Street Shangdi IT industry Park Beijing P.R.C. Artech China Limited 210-212 Building 9  Dalian Software Park No. 18 Software Road Dalian China    BEIJING CAMELOT TECHNOLOGY CO. LTD 11/F No.6 North third Ring Road Xicheng District Beijing 100120 P. R. China  Manpowergroup (China) Human Resources Co. Ltd. 36 floorXinmei Union Square No. 999 Pudong New Area Shanghai City China  ISOFTSTONE TECHNOLOGY SERVICE COMPANY LIMITED No. 16 courtyard No. 10 Wandong Road Haidian District Beijing China|Mainframe Storage Services|Resiliency and Storage Services|Tao Weng/China/IBM||
IBM CIC  -  China|IBM Solution and Services (Shenzhen) Co. Ltd.|10F GuoRen Building No.5 3 Gaoxin Rd. C. Hi-Tech Industrial Park NanShan District ShenZhen China(518057)|China|Yes|IBM Dalian Global Delivery Company Limited Suzhou Branch   WUHAN BJC TECHNOLOGY CO LTD  Advanced Systems Development Co. Ltd.  Artech China Limited  BEIJING CAMELOT TECHNOLOGY CO. LTD  Manpowergroup (China) Human Resources Co. Ltd.  ISOFTSTONE TECHNOLOGY SERVICE COMPANY LIMITED|IBM Dalian Global Delivery Company Limited Suzhou Branch - No.88 Dongchang Road Industry District Suzhou250001 China -  WUHAN BJC TECHNOLOGY CO LTD 12FF1 Building Optical Valley Park Eastlake Development Zone  Wuhan Hubei China Advanced Systems Development Co. Ltd. 5/F   GICOM PLAZA No. 5 5th Street Shangdi IT industry Park Beijing P.R.C. Artech China Limited 210-212 Building 9  Dalian Software Park No. 18 Software Road Dalian China    BEIJING CAMELOT TECHNOLOGY CO. LTD 11/F No.6 North third Ring Road Xicheng District Beijing 100120 P. R. China  Manpowergroup (China) Human Resources Co. Ltd. 36 floorXinmei Union Square No. 999 Pudong New Area Shanghai City China  ISOFTSTONE TECHNOLOGY SERVICE COMPANY LIMITED No. 16 courtyard No. 10 Wandong Road Haidian District Beijing China|Mainframe Platform|Mainframe Services|Hong Bo Ma/China/IBM||
IBM CIC  -  China|IBM Solution and Services (Shenzhen) Co. Ltd.|10F GuoRen Building No.5 3 Gaoxin Rd. C. Hi-Tech Industrial Park NanShan District ShenZhen China(518057)|China|Yes|IBM Dalian Global Delivery Company Limited Suzhou Branch   WUHAN BJC TECHNOLOGY CO LTD  Advanced Systems Development Co. Ltd.  Artech China Limited  BEIJING CAMELOT TECHNOLOGY CO. LTD  Manpowergroup (China) Human Resources Co. Ltd.  ISOFTSTONE TECHNOLOGY SERVICE COMPANY LIMITED|IBM Dalian Global Delivery Company Limited Suzhou Branch - No.88 Dongchang Road Industry District Suzhou250001 China -  WUHAN BJC TECHNOLOGY CO LTD 12FF1 Building Optical Valley Park Eastlake Development Zone  Wuhan Hubei China Advanced Systems Development Co. Ltd. 5/F   GICOM PLAZA No. 5 5th Street Shangdi IT industry Park Beijing P.R.C. Artech China Limited 210-212 Building 9  Dalian Software Park No. 18 Software Road Dalian China    BEIJING CAMELOT TECHNOLOGY CO. LTD 11/F No.6 North third Ring Road Xicheng District Beijing 100120 P. R. China  Manpowergroup (China) Human Resources Co. Ltd. 36 floorXinmei Union Square No. 999 Pudong New Area Shanghai City China  ISOFTSTONE TECHNOLOGY SERVICE COMPANY LIMITED No. 16 courtyard No. 10 Wandong Road Haidian District Beijing China|Mainframe MW&DB|Mainframe Services|Hong Bo Ma/China/IBM||
IBM CIC  -  China|IBM Solution and Services (Shenzhen) Co. Ltd.|10F GuoRen Building No.5 3 Gaoxin Rd. C. Hi-Tech Industrial Park NanShan District ShenZhen China(518057)|China|Yes|IBM Dalian Global Delivery Company Limited Suzhou Branch   WUHAN BJC TECHNOLOGY CO LTD  Advanced Systems Development Co. Ltd.  Artech China Limited  BEIJING CAMELOT TECHNOLOGY CO. LTD  Manpowergroup (China) Human Resources Co. Ltd.  ISOFTSTONE TECHNOLOGY SERVICE COMPANY LIMITED|IBM Dalian Global Delivery Company Limited Suzhou Branch - No.88 Dongchang Road Industry District Suzhou250001 China -  WUHAN BJC TECHNOLOGY CO LTD 12FF1 Building Optical Valley Park Eastlake Development Zone  Wuhan Hubei China Advanced Systems Development Co. Ltd. 5/F   GICOM PLAZA No. 5 5th Street Shangdi IT industry Park Beijing P.R.C. Artech China Limited 210-212 Building 9  Dalian Software Park No. 18 Software Road Dalian China    BEIJING CAMELOT TECHNOLOGY CO. LTD 11/F No.6 North third Ring Road Xicheng District Beijing 100120 P. R. China  Manpowergroup (China) Human Resources Co. Ltd. 36 floorXinmei Union Square No. 999 Pudong New Area Shanghai City China  ISOFTSTONE TECHNOLOGY SERVICE COMPANY LIMITED No. 16 courtyard No. 10 Wandong Road Haidian District Beijing China|System Operations - Mainframe|Mainframe Services|Terence CS Lo/China/IBM||
IBM CIC  -  China|IBM Solution and Services (Shenzhen) Co. Ltd.|10F GuoRen Building No.5 3 Gaoxin Rd. C. Hi-Tech Industrial Park NanShan District ShenZhen China(518057)|China|Yes|IBM Dalian Global Delivery Company Limited Suzhou Branch   WUHAN BJC TECHNOLOGY CO LTD  Advanced Systems Development Co. Ltd.  Artech China Limited  BEIJING CAMELOT TECHNOLOGY CO. LTD  Manpowergroup (China) Human Resources Co. Ltd.  ISOFTSTONE TECHNOLOGY SERVICE COMPANY LIMITED|IBM Dalian Global Delivery Company Limited Suzhou Branch - No.88 Dongchang Road Industry District Suzhou250001 China -  WUHAN BJC TECHNOLOGY CO LTD 12FF1 Building Optical Valley Park Eastlake Development Zone  Wuhan Hubei China Advanced Systems Development Co. Ltd. 5/F   GICOM PLAZA No. 5 5th Street Shangdi IT industry Park Beijing P.R.C. Artech China Limited 210-212 Building 9  Dalian Software Park No. 18 Software Road Dalian China    BEIJING CAMELOT TECHNOLOGY CO. LTD 11/F No.6 North third Ring Road Xicheng District Beijing 100120 P. R. China  Manpowergroup (China) Human Resources Co. Ltd. 36 floorXinmei Union Square No. 999 Pudong New Area Shanghai City China  ISOFTSTONE TECHNOLOGY SERVICE COMPANY LIMITED No. 16 courtyard No. 10 Wandong Road Haidian District Beijing China|Identity & Access Management|Digital Workplace Services|Evelyn Zeng/China/IBM||
IBM CIC  -  China|IBM Solution and Services (Shenzhen) Co. Ltd.|10F GuoRen Building No.5 3 Gaoxin Rd. C. Hi-Tech Industrial Park NanShan District ShenZhen China(518057)|China|Yes|IBM Dalian Global Delivery Company Limited Suzhou Branch   WUHAN BJC TECHNOLOGY CO LTD  Advanced Systems Development Co. Ltd.  Artech China Limited  BEIJING CAMELOT TECHNOLOGY CO. LTD  Manpowergroup (China) Human Resources Co. Ltd.  ISOFTSTONE TECHNOLOGY SERVICE COMPANY LIMITED|IBM Dalian Global Delivery Company Limited Suzhou Branch - No.88 Dongchang Road Industry District Suzhou250001 China -  WUHAN BJC TECHNOLOGY CO LTD 12FF1 Building Optical Valley Park Eastlake Development Zone  Wuhan Hubei China Advanced Systems Development Co. Ltd. 5/F   GICOM PLAZA No. 5 5th Street Shangdi IT industry Park Beijing P.R.C. Artech China Limited 210-212 Building 9  Dalian Software Park No. 18 Software Road Dalian China    BEIJING CAMELOT TECHNOLOGY CO. LTD 11/F No.6 North third Ring Road Xicheng District Beijing 100120 P. R. China  Manpowergroup (China) Human Resources Co. Ltd. 36 floorXinmei Union Square No. 999 Pudong New Area Shanghai City China  ISOFTSTONE TECHNOLOGY SERVICE COMPANY LIMITED No. 16 courtyard No. 10 Wandong Road Haidian District Beijing China|Network Project Services|Network Services|Lin En Li/China/IBM||
IBM CIC  -  China|IBM Solution and Services (Shenzhen) Co. Ltd.|10F GuoRen Building No.5 3 Gaoxin Rd. C. Hi-Tech Industrial Park NanShan District ShenZhen China(518057)|China|Yes|IBM Dalian Global Delivery Company Limited Suzhou Branch   WUHAN BJC TECHNOLOGY CO LTD  Advanced Systems Development Co. Ltd.  Artech China Limited  BEIJING CAMELOT TECHNOLOGY CO. LTD  Manpowergroup (China) Human Resources Co. Ltd.  ISOFTSTONE TECHNOLOGY SERVICE COMPANY LIMITED|IBM Dalian Global Delivery Company Limited Suzhou Branch - No.88 Dongchang Road Industry District Suzhou250001 China -  WUHAN BJC TECHNOLOGY CO LTD 12FF1 Building Optical Valley Park Eastlake Development Zone  Wuhan Hubei China Advanced Systems Development Co. Ltd. 5/F   GICOM PLAZA No. 5 5th Street Shangdi IT industry Park Beijing P.R.C. Artech China Limited 210-212 Building 9  Dalian Software Park No. 18 Software Road Dalian China    BEIJING CAMELOT TECHNOLOGY CO. LTD 11/F No.6 North third Ring Road Xicheng District Beijing 100120 P. R. China  Manpowergroup (China) Human Resources Co. Ltd. 36 floorXinmei Union Square No. 999 Pudong New Area Shanghai City China  ISOFTSTONE TECHNOLOGY SERVICE COMPANY LIMITED No. 16 courtyard No. 10 Wandong Road Haidian District Beijing China|Managed Network Security Service|Network Services|Lin En Li/China/IBM||
IBM CIC  -  Brazil|IBM Brasil-Industria Maquinas e Servicos Limitada|Av. Pasteur 138/146 Botafogo Rio de Janeiro RJ 22290-240  -   Brazil|Brazil|Yes|IBM India Private Limited|IBM India Private Limited - No.12 Subramanya Arcade Bannerghatta Main Road Bangaluru - 560029  -   India|Distributed - Wintel|Compute|Petter Johnny Andrietta|Paulo Meira|Services are provided mostly from Brazil. There is also footprint in India providing services to Brazil local Clients.
IBM CIC  -  Brazil|IBM Brasil-Industria Maquinas e Servicos Limitada|Av. Pasteur 138/146 Botafogo Rio de Janeiro RJ 22290-240  -   Brazil|Brazil|Yes|IBM India Private Limited|IBM India Private Limited - No.12 Subramanya Arcade Bannerghatta Main Road Bangaluru - 560029  -   India|Distributed – VMWare/Citrix|Compute|Petter Johnny Andrietta|Paulo Meira|Services are provided mostly from Brazil. There is also footprint in India providing services to Brazil Clients.
IBM CIC  -  Brazil|IBM Brasil-Industria Maquinas e Servicos Limitada|Av. Pasteur 138/146 Botafogo Rio de Janeiro RJ 22290-240  -   Brazil|Brazil|Yes|IBM India Private Limited|IBM India Private Limited - No.12 Subramanya Arcade Bannerghatta Main Road Bangaluru - 560029  -   India|Distributed – Unix/Linux|Compute|Petter Johnny Andrietta|Paulo Meira|Services are provided mostly from Brazil. There is also footprint in India providing services to Brazil Clients.
Err:509|IBM India Private Limited|No.12 Subramanya Arcade Bannerghatta Main Road Bangaluru - 560029  -   India|India|Yes|N/A|N/A|Distributed - Wintel|Compute|Vickram Nagi/India/IBM||
Err:509|IBM India Private Limited|No.12 Subramanya Arcade Bannerghatta Main Road Bangaluru - 560029  -   India|India|Yes|N/A|N/A|Distributed – VMWare/Citrix|Compute|Vickram Nagi/India/IBM||
Err:509|IBM India Private Limited|No.12 Subramanya Arcade Bannerghatta Main Road Bangaluru - 560029  -   India|India|Yes|N/A|N/A|Distributed – Unix/Linux|Compute|Vickram Nagi/India/IBM||
Err:509|IBM India Private Limited|No.12 Subramanya Arcade Bannerghatta Main Road Bangaluru - 560029  -   India|India|Yes|N/A|N/A|Distributed - Project|Compute|Vickram Nagi/India/IBM||
Err:509|IBM India Private Limited|No.12 Subramanya Arcade Bannerghatta Main Road Bangaluru - 560029  -   India|India|Yes|N/A|N/A|Distributed – Other/Complex|Compute|Vickram Nagi/India/IBM||
Err:509|IBM India Private Limited|No.12 Subramanya Arcade Bannerghatta Main Road Bangaluru - 560029  -   India|India|Yes|N/A|N/A|Performance and Capacity Management|Compute|Vickram Nagi/India/IBM||
Err:509|IBM India Private Limited|No.12 Subramanya Arcade Bannerghatta Main Road Bangaluru - 560029  -   India|India|Yes|N/A|N/A|System Operations - Distributed|Compute|Vickram Nagi/India/IBM||
Err:509|IBM India Private Limited|No.12 Subramanya Arcade Bannerghatta Main Road Bangaluru - 560029  -   India|India|Yes|N/A|N/A|Server Build|Compute|Vickram Nagi/India/IBM||
Err:509|IBM India Private Limited|No.12 Subramanya Arcade Bannerghatta Main Road Bangaluru - 560029  -   India|India|Yes|N/A|N/A|Distributed Database|Compute|Vickram Nagi/India/IBM||
Err:509|IBM India Private Limited|No.12 Subramanya Arcade Bannerghatta Main Road Bangaluru - 560029  -   India|India|Yes|N/A|N/A|Distributed Middleware|Compute|Vickram Nagi/India/IBM||
Err:509|IBM India Private Limited|No.12 Subramanya Arcade Bannerghatta Main Road Bangaluru - 560029  -   India|India|Yes|N/A|N/A|Email & Collaboration|Compute|Vickram Nagi/India/IBM||
Err:509|IBM India Private Limited|No.12 Subramanya Arcade Bannerghatta Main Road Bangaluru - 560029  -   India|India|Yes|N/A|N/A|Backup as a Service|Resiliency and Storage Services|Vickram Nagi/India/IBM||
Err:509|IBM India Private Limited|No.12 Subramanya Arcade Bannerghatta Main Road Bangaluru - 560029  -   India|India|Yes|N/A|N/A|Disaster Recovery as a Service|Resiliency and Storage Services|Vickram Nagi/India/IBM||
Err:509|IBM India Private Limited|No.12 Subramanya Arcade Bannerghatta Main Road Bangaluru - 560029  -   India|India|Yes|N/A|N/A|Distributed Storage Services|Resiliency and Storage Services|Vickram Nagi/India/IBM||
IBM CIC  -  Philippines|IBM Business Services|8th Floor IBM Plaza 8 Eastwood Avenue Eastwood City Cyberpark E. Rodriguez - Jr. Avenue 1110 Libis - Quezon City  -   Philippines|Philippines|Yes|TRANSMAN MANPOWER SERVICES INC AMTI  Collabera Metasystem  Phildata  Primetech .|TRANSMAN MANPOWER SERVICES INC. Address: LG-10 Cityland Herrera Tower 98 V.A. Rufino corner Valero Street Salcedo Village Makati City  AMTI Address: 8/F East Tower Philippine Stock Exchange Ortigas Center Pasig City 1605 Philippines   Collabera 17thFloor Rufino Pacific Tower 6784 Ayala Avenue Makati City 1200  METASYSTEMS DEVELOPMENT INC 4F VSK CORPORATE CIRCLE 2 ACACIA LANE - MANDALUYONG PHILIPPINES 1550  Phildata  3rd Floor King s Court II Building 2129 Chino Roces - Avenue (formerly Pasong Tamo) Makati City 1231 Philippines   Prime Tech Rm 1114 & 1117 Cityland Shaw Tower Shaw Boulevard cor. Saint Fraincis Street Mandaluyong City 1550|WSS-Service Desk|Digital Workplace Services|Rohit Goel4/India/IBM@IBMIN||For Service Desk in Philippines Domestic space we have these Vendors supplying fixed service headcount.
IBM CIC  -  Brazil|IBM Brasil-Industria Maquinas e Servicos Limitada|Av. Pasteur 138/146 Botafogo Rio de Janeiro RJ 22290-240  -   Brazil|Brazil|Yes|N/A|N/A|Distributed - Project|Compute|Petter Johnny Andrietta|Paulo Meira|
IBM CIC  -  Brazil|IBM Brasil-Industria Maquinas e Servicos Limitada|Av. Pasteur 138/146 Botafogo Rio de Janeiro RJ 22290-240  -   Brazil|Brazil|Yes|N/A|N/A|Distributed – Other/Complex|Compute|Petter Johnny Andrietta|Paulo Meira|Services are provided mostly from Brazil. There is also footprint in India providing services to Brazil Clients.
IBM CIC  -  Brazil|IBM Brasil-Industria Maquinas e Servicos Limitada|Av. Pasteur 138/146 Botafogo Rio de Janeiro RJ 22290-240  -   Brazil|Brazil|Yes|N/A|N/A|Performance and Capacity Management|Compute|Petter Johnny Andrietta|Paulo Meira|Services are provided mostly from Brazil. There is also footprint in India providing services to Brazil Clients.
IBM CIC  -  Brazil|IBM Brasil-Industria Maquinas e Servicos Limitada|Av. Pasteur 138/146 Botafogo Rio de Janeiro RJ 22290-240  -   Brazil|Brazil|Yes|N/A|N/A|System Operations - Distributed|Compute|Rodrigo Portes|Paulo Meira|Services are provided mostly from Brazil. There is also footprint in India providing services to Brazil Clients.
IBM CIC  -  Brazil|IBM Brasil-Industria Maquinas e Servicos Limitada|Av. Pasteur 138/146 Botafogo Rio de Janeiro RJ 22290-240  -   Brazil|Brazil|Yes|N/A|N/A|Server Build|Compute|Petter Johnny Andrietta|Paulo Meira|
IBM CIC  -  Brazil|IBM Brasil-Industria Maquinas e Servicos Limitada|Av. Pasteur 138/146 Botafogo Rio de Janeiro RJ 22290-240  -   Brazil|Brazil|Yes|N/A|N/A|Distributed Database|Compute|Petter Johnny Andrietta|Paulo Meira|Services are provided mostly from Brazil. There is also footprint in India providing services to Brazil Clients.
IBM CIC  -  Brazil|IBM Brasil-Industria Maquinas e Servicos Limitada|Av. Pasteur 138/146 Botafogo Rio de Janeiro RJ 22290-240  -   Brazil|Brazil|Yes|N/A|N/A|Distributed Middleware|Compute|Petter Johnny Andrietta|Paulo Meira|Services are provided mostly from Brazil. There is also footprint in India providing services to Brazil Clients.
IBM CIC  -  Brazil|IBM Brasil-Industria Maquinas e Servicos Limitada|Av. Pasteur 138/146 Botafogo Rio de Janeiro RJ 22290-240  -   Brazil|Brazil|Yes|N/A|N/A|ERP & Applications|Compute|Petter Johnny Andrietta|Paulo Meira|Services are provided mostly from Brazil. There is also footprint in India providing services to Brazil Clients.
IBM CIC  -  Brazil|IBM Brasil-Industria Maquinas e Servicos Limitada|Av. Pasteur 138/146 Botafogo Rio de Janeiro RJ 22290-240  -   Brazil|Brazil|Yes|N/A|N/A|Email & Collaboration|Compute|Petter Johnny Andrietta|Paulo Meira|
IBM CIC  -  Brazil|IBM Brasil-Industria Maquinas e Servicos Limitada|Av. Pasteur 138/146 Botafogo Rio de Janeiro RJ 22290-240  -   Brazil|Brazil|Yes|N/A|N/A|Backup as a Service|Resiliency and Storage Services|Milena Bruno|Paulo Meira|Services are provided mostly from Brazil. There is also footprint in India providing services to Brazil Clients.
IBM CIC  -  Brazil|IBM Brasil-Industria Maquinas e Servicos Limitada|Av. Pasteur 138/146 Botafogo Rio de Janeiro RJ 22290-240  -   Brazil|Brazil|Yes|N/A|N/A|Disaster Recovery as a Service|Resiliency and Storage Services|Milena Bruno|Paulo Meira|
IBM CIC  -  Brazil|IBM Brasil-Industria Maquinas e Servicos Limitada|Av. Pasteur 138/146 Botafogo Rio de Janeiro RJ 22290-240  -   Brazil|Brazil|Yes|N/A|N/A|Distributed Storage Services|Resiliency and Storage Services|Petter Johnny Andrietta|Paulo Meira|Services are provided mostly from Brazil. There is also footprint in India providing services to Brazil Clients.
IBM CIC  -  Brazil|IBM Brasil-Industria Maquinas e Servicos Limitada|Av. Pasteur 138/146 Botafogo Rio de Janeiro RJ 22290-240  -   Brazil|Brazil|Yes|N/A|N/A|Mainframe Storage Services|Resiliency and Storage Services|Dany Mendanha|Paulo Meira|
IBM CIC  -  Brazil|IBM Brasil-Industria Maquinas e Servicos Limitada|Av. Pasteur 138/146 Botafogo Rio de Janeiro RJ 22290-240  -   Brazil|Brazil|Yes|N/A|N/A|Portable Storage Media Services|Resiliency and Storage Services|Milena Bruno|Paulo Meira|
IBM CIC  -  Brazil|IBM Brasil-Industria Maquinas e Servicos Limitada|Av. Pasteur 138/146 Botafogo Rio de Janeiro RJ 22290-240  -   Brazil|Brazil|Yes|N/A|N/A|Resiliency & Storage Project Services|Resiliency and Storage Services|Milena Bruno|Paulo Meira|
IBM CIC  -  Brazil|IBM Brasil-Industria Maquinas e Servicos Limitada|Av. Pasteur 138/146 Botafogo Rio de Janeiro RJ 22290-240  -   Brazil|Brazil|Yes|N/A|N/A|Mainframe Platform|Mainframe Services|Dany Mendanha|Paulo Meira|
IBM CIC  -  Brazil|IBM Brasil-Industria Maquinas e Servicos Limitada|Av. Pasteur 138/146 Botafogo Rio de Janeiro RJ 22290-240  -   Brazil|Brazil|Yes|N/A|N/A|Mainframe MW&DB|Mainframe Services|Dany Mendanha|Paulo Meira|
IBM CIC  -  Brazil|IBM Brasil-Industria Maquinas e Servicos Limitada|Av. Pasteur 138/146 Botafogo Rio de Janeiro RJ 22290-240  -   Brazil|Brazil|Yes|N/A|N/A|System Operations - Mainframe|Mainframe Services|Rodrigo Portes|Paulo Meira|
IBM CIC  -  Brazil|IBM Brasil-Industria Maquinas e Servicos Limitada|Av. Pasteur 138/146 Botafogo Rio de Janeiro RJ 22290-240  -   Brazil|Brazil|Yes|N/A|N/A|WSS-Deskside|Digital Workplace Services|Maely Galvao|Paulo Meira|
IBM CIC  -  Brazil|IBM Brasil-Industria Maquinas e Servicos Limitada|Av. Pasteur 138/146 Botafogo Rio de Janeiro RJ 22290-240  -   Brazil|Brazil|Yes|N/A|N/A|WSS-Service Desk|Digital Workplace Services|Maely Galvao|Paulo Meira|
IBM CIC  -  Brazil|IBM Brasil-Industria Maquinas e Servicos Limitada|Av. Pasteur 138/146 Botafogo Rio de Janeiro RJ 22290-240  -   Brazil|Brazil|Yes|N/A|N/A|Workplace Modernization Services|Digital Workplace Services|Maely Galvao|Paulo Meira|
IBM CIC  -  Brazil|IBM Brasil-Industria Maquinas e Servicos Limitada|Av. Pasteur 138/146 Botafogo Rio de Janeiro RJ 22290-240  -   Brazil|Brazil|Yes|N/A|N/A|Identity & Access Management|Digital Workplace Services|William Rossi|Paulo Meira|Services are provided mostly from Brazil. There is also footprint in India providing services to Brazil Clients.
IBM CIC  -  Brazil|IBM Brasil-Industria Maquinas e Servicos Limitada|Av. Pasteur 138/146 Botafogo Rio de Janeiro RJ 22290-240  -   Brazil|Brazil|Yes|N/A|N/A|Network Solution Introduction Service|Network Services|Marcelo Cassucci / Lilian Manzini|Paulo Meira|
IBM CIC  -  Brazil|IBM Brasil-Industria Maquinas e Servicos Limitada|Av. Pasteur 138/146 Botafogo Rio de Janeiro RJ 22290-240  -   Brazil|Brazil|Yes|N/A|N/A|Network Project Services|Network Services|Marcelo Cassucci|Paulo Meira|
IBM CIC  -  Brazil|IBM Brasil-Industria Maquinas e Servicos Limitada|Av. Pasteur 138/146 Botafogo Rio de Janeiro RJ 22290-240  -   Brazil|Brazil|Yes|N/A|N/A|Global Network Compliance|Network Services|Marcelo Cassucci|Paulo Meira|
IBM CIC  -  Brazil|IBM Brasil-Industria Maquinas e Servicos Limitada|Av. Pasteur 138/146 Botafogo Rio de Janeiro RJ 22290-240  -   Brazil|Brazil|Yes|N/A|N/A|Network MIM & Assurance Service|Network Services|Marcelo Cassucci|Paulo Meira|
IBM CIC  -  Brazil|IBM Brasil-Industria Maquinas e Servicos Limitada|Av. Pasteur 138/146 Botafogo Rio de Janeiro RJ 22290-240  -   Brazil|Brazil|Yes|N/A|N/A|Managed WAN|Network Services|Marcelo Cassucci / Lilian Manzini|Paulo Meira|Services are provided mostly from Brazil. There is also footprint in India providing services to Brazil Clients.
IBM CIC  -  Brazil|IBM Brasil-Industria Maquinas e Servicos Limitada|Av. Pasteur 138/146 Botafogo Rio de Janeiro RJ 22290-240  -   Brazil|Brazil|Yes|N/A|N/A|Managed LAN Service|Network Services|Marcelo Cassucci / Lilian Manzini|Paulo Meira|Services are provided mostly from Brazil. There is also footprint in India providing services to Brazil Clients.
IBM CIC  -  Brazil|IBM Brasil-Industria Maquinas e Servicos Limitada|Av. Pasteur 138/146 Botafogo Rio de Janeiro RJ 22290-240  -   Brazil|Brazil|Yes|N/A|N/A|Managed Network Security Service|Network Services|Marcelo Cassucci / Lilian Manzini|Paulo Meira|Services are provided mostly from Brazil. There is also footprint in India providing services to Brazil Clients.
IBM CIC  -  Brazil|IBM Brasil-Industria Maquinas e Servicos Limitada|Av. Pasteur 138/146 Botafogo Rio de Janeiro RJ 22290-240  -   Brazil|Brazil|Yes|N/A|N/A|Managed Network Cloud Service|Network Services|Marcelo Cassucci|Paulo Meira|
IBM CIC  -  Brazil|IBM Brasil-Industria Maquinas e Servicos Limitada|Av. Pasteur 138/146 Botafogo Rio de Janeiro RJ 22290-240  -   Brazil|Brazil|Yes|N/A|N/A|Managed Voice Service|Network Services|Marcelo Cassucci / Lilian Manzini|Paulo Meira|Services are provided mostly from Brazil. There is also footprint in India providing services to Brazil Clients.
IBM CIC  -  Brazil|IBM Brasil-Industria Maquinas e Servicos Limitada|Av. Pasteur 138/146 Botafogo Rio de Janeiro RJ 22290-240  -   Brazil|Brazil|Yes|N/A|N/A|Commercial Network Project Office|Network Services|Marcelo Cassucci|Paulo Meira|
IBM CIC  -  Brazil|IBM Brasil-Industria Maquinas e Servicos Limitada|Av. Pasteur 138/146 Botafogo Rio de Janeiro RJ 22290-240  -   Brazil|Brazil|Yes|N/A|N/A|Hybrid Cloud|Integrated Managed Infrastructure|Mauricio Meluzzi|Paulo Meira|
IBM CIC  -  Brazil|IBM Brasil-Industria Maquinas e Servicos Limitada|Av. Pasteur 138/146 Botafogo Rio de Janeiro RJ 22290-240  -   Brazil|Brazil|Yes|N/A|N/A|Private Cloud|Integrated Managed Infrastructure|Mauricio Meluzzi|Paulo Meira|
IBM CIC  -  Brazil|IBM Brasil-Industria Maquinas e Servicos Limitada|Av. Pasteur 138/146 Botafogo Rio de Janeiro RJ 22290-240  -   Brazil|Brazil|Yes|N/A|N/A|Public Cloud|Integrated Managed Infrastructure|Mauricio Meluzzi|Paulo Meira|
IBM CIC  -  Brazil|IBM Brasil-Industria Maquinas e Servicos Limitada|Av. Pasteur 138/146 Botafogo Rio de Janeiro RJ 22290-240  -   Brazil|Brazil|Yes|N/A|N/A|Advanced Cloud & Hub Enablement|Integrated Managed Infrastructure|Mauricio Meluzzi|Paulo Meira|
IBM CIC  -  Brazil|IBM Brasil-Industria Maquinas e Servicos Limitada|Av. Pasteur 138/146 Botafogo Rio de Janeiro RJ 22290-240  -   Brazil|Brazil|Yes|N/A|N/A|Hardware & Maintenance|Infrastructure Support & Data Center Services|Milena Bruno|Paulo Meira|
IBM CIC  -  Brazil|IBM Brasil-Industria Maquinas e Servicos Limitada|Av. Pasteur 138/146 Botafogo Rio de Janeiro RJ 22290-240  -   Brazil|Brazil|Yes|N/A|N/A|Software|Infrastructure Support & Data Center Services|Milena Bruno|Paulo Meira|
IBM CIC  -  Brazil|IBM Brasil-Industria Maquinas e Servicos Limitada|Av. Pasteur 138/146 Botafogo Rio de Janeiro RJ 22290-240  -   Brazil|Brazil|Yes|N/A|N/A|Vendor Optimization|Infrastructure Support & Data Center Services|Milena Bruno|Paulo Meira|
IBM CIC  -  Brazil|IBM Brasil-Industria Maquinas e Servicos Limitada|Av. Pasteur 138/146 Botafogo Rio de Janeiro RJ 22290-240  -   Brazil|Brazil|Yes|N/A|N/A|Asset Optimization|Infrastructure Support & Data Center Services|Milena Bruno|Paulo Meira|
IBM CIC  -  Brazil|IBM Brasil-Industria Maquinas e Servicos Limitada|Av. Pasteur 138/146 Botafogo Rio de Janeiro RJ 22290-240  -   Brazil|Brazil|Yes|N/A|N/A|Data Center Operations|Infrastructure Support & Data Center Services|Milena Bruno|Paulo Meira|
IBM CIC  -  Malaysia|IBM Global Delivery Centre (Malaysia) Sdn Bhd|Block A Quill 18  Lingkaran Teknokrat 3 Barat - Cyber 4 63000 Cyberjaya Selangor|Malaysia|Yes|N/A|N/A|Distributed - Wintel|Compute|Mohamad Helmi Harith/Malaysia/IBM|Pathmanabhan Asoka/Malaysia/IBM|
IBM CIC  -  Malaysia|IBM Global Delivery Centre (Malaysia) Sdn Bhd|Block A Quill 18  Lingkaran Teknokrat 3 Barat - Cyber 4 63000 Cyberjaya Selangor|Malaysia|Yes|N/A|N/A|Distributed – VMWare/Citrix|Compute|Mohamad Helmi Harith/Malaysia/IBM|Pathmanabhan Asoka/Malaysia/IBM|
IBM CIC  -  Malaysia|IBM Global Delivery Centre (Malaysia) Sdn Bhd|Block A Quill 18  Lingkaran Teknokrat 3 Barat - Cyber 4 63000 Cyberjaya Selangor|Malaysia|Yes|N/A|N/A|Distributed – Unix/Linux|Compute|Mohamad Helmi Harith/Malaysia/IBM|Pathmanabhan Asoka/Malaysia/IBM|
IBM CIC  -  Malaysia|IBM Global Delivery Centre (Malaysia) Sdn Bhd|Block A Quill 18  Lingkaran Teknokrat 3 Barat - Cyber 4 63000 Cyberjaya Selangor|Malaysia|Yes|N/A|N/A|Distributed - Project|Compute|Mohamad Helmi Harith/Malaysia/IBM|Pathmanabhan Asoka/Malaysia/IBM|
IBM CIC  -  Malaysia|IBM Global Delivery Centre (Malaysia) Sdn Bhd|Block A Quill 18  Lingkaran Teknokrat 3 Barat - Cyber 4 63000 Cyberjaya Selangor|Malaysia|Yes|N/A|N/A|Distributed – Other/Complex|Compute|Mohamad Helmi Harith/Malaysia/IBM|Pathmanabhan Asoka/Malaysia/IBM|
IBM CIC  -  Malaysia|IBM Global Delivery Centre (Malaysia) Sdn Bhd|Block A Quill 18  Lingkaran Teknokrat 3 Barat - Cyber 4 63000 Cyberjaya Selangor|Malaysia|Yes|N/A|N/A|System Operations - Distributed|Compute|Mohamad Helmi Harith/Malaysia/IBM|Pathmanabhan Asoka/Malaysia/IBM|
IBM CIC  -  Malaysia|IBM Global Delivery Centre (Malaysia) Sdn Bhd|Block A Quill 18  Lingkaran Teknokrat 3 Barat - Cyber 4 63000 Cyberjaya Selangor|Malaysia|Yes|N/A|N/A|Distributed Database|Compute|Mohamad Helmi Harith/Malaysia/IBM|Pathmanabhan Asoka/Malaysia/IBM|
IBM CIC  -  Malaysia|IBM Global Delivery Centre (Malaysia) Sdn Bhd|Block A Quill 18  Lingkaran Teknokrat 3 Barat - Cyber 4 63000 Cyberjaya Selangor|Malaysia|Yes|N/A|N/A|Distributed Middleware|Compute|Mohamad Helmi Harith/Malaysia/IBM|Pathmanabhan Asoka/Malaysia/IBM|
IBM CIC  -  Malaysia|IBM Global Delivery Centre (Malaysia) Sdn Bhd|Block A Quill 18  Lingkaran Teknokrat 3 Barat - Cyber 4 63000 Cyberjaya Selangor|Malaysia|Yes|N/A|N/A|ERP & Applications|Compute|Mohamad Helmi Harith/Malaysia/IBM|Pathmanabhan Asoka/Malaysia/IBM|
IBM CIC  -  Malaysia|IBM Global Delivery Centre (Malaysia) Sdn Bhd|Block A Quill 18  Lingkaran Teknokrat 3 Barat - Cyber 4 63000 Cyberjaya Selangor|Malaysia|Yes|N/A|N/A|Email & Collaboration|Compute|Mohamad Helmi Harith/Malaysia/IBM|Pathmanabhan Asoka/Malaysia/IBM|
IBM CIC  -  Malaysia|IBM Global Delivery Centre (Malaysia) Sdn Bhd|Block A Quill 18  Lingkaran Teknokrat 3 Barat - Cyber 4 63000 Cyberjaya Selangor|Malaysia|Yes|N/A|N/A|Backup as a Service|Resiliency and Storage Services|Mohamad Helmi Harith/Malaysia/IBM|Pathmanabhan Asoka/Malaysia/IBM|
IBM CIC  -  Malaysia|IBM Global Delivery Centre (Malaysia) Sdn Bhd|Block A Quill 18  Lingkaran Teknokrat 3 Barat - Cyber 4 63000 Cyberjaya Selangor|Malaysia|Yes|N/A|N/A|Distributed Storage Services|Resiliency and Storage Services|Mohamad Helmi Harith/Malaysia/IBM|Pathmanabhan Asoka/Malaysia/IBM|
IBM CIC  -  Malaysia|IBM Global Delivery Centre (Malaysia) Sdn Bhd|Block A Quill 18  Lingkaran Teknokrat 3 Barat - Cyber 4 63000 Cyberjaya Selangor|Malaysia|Yes|N/A|N/A|Mainframe Storage Services|Resiliency and Storage Services|Mohamad Helmi Harith/Malaysia/IBM|Pathmanabhan Asoka/Malaysia/IBM|
IBM CIC  -  Malaysia|IBM Global Delivery Centre (Malaysia) Sdn Bhd|Block A Quill 18  Lingkaran Teknokrat 3 Barat - Cyber 4 63000 Cyberjaya Selangor|Malaysia|Yes|N/A|N/A|Portable Storage Media Services|Resiliency and Storage Services|Mohamad Helmi Harith/Malaysia/IBM|Pathmanabhan Asoka/Malaysia/IBM|
IBM CIC  -  Malaysia|IBM Global Delivery Centre (Malaysia) Sdn Bhd|Block A Quill 18  Lingkaran Teknokrat 3 Barat - Cyber 4 63000 Cyberjaya Selangor|Malaysia|Yes|N/A|N/A|Mainframe Platform|Mainframe Services|Mohamad Helmi Harith/Malaysia/IBM|Pathmanabhan Asoka/Malaysia/IBM|
IBM CIC  -  Malaysia|IBM Global Delivery Centre (Malaysia) Sdn Bhd|Block A Quill 18  Lingkaran Teknokrat 3 Barat - Cyber 4 63000 Cyberjaya Selangor|Malaysia|Yes|N/A|N/A|WSS-Deskside|Digital Workplace Services|Mohamad Helmi Harith/Malaysia/IBM|Pathmanabhan Asoka/Malaysia/IBM|
IBM CIC  -  Malaysia|IBM Global Delivery Centre (Malaysia) Sdn Bhd|Block A Quill 18  Lingkaran Teknokrat 3 Barat - Cyber 4 63000 Cyberjaya Selangor|Malaysia|Yes|N/A|N/A|WSS-Service Desk|Digital Workplace Services|Mohamad Helmi Harith/Malaysia/IBM|Pathmanabhan Asoka/Malaysia/IBM|
IBM CIC  -  Malaysia|IBM Global Delivery Centre (Malaysia) Sdn Bhd|Block A Quill 18  Lingkaran Teknokrat 3 Barat - Cyber 4 63000 Cyberjaya Selangor|Malaysia|Yes|N/A|N/A|Workplace Modernization Services|Digital Workplace Services|Mohamad Helmi Harith/Malaysia/IBM|Pathmanabhan Asoka/Malaysia/IBM|
IBM CIC  -  Malaysia|IBM Global Delivery Centre (Malaysia) Sdn Bhd|Block A Quill 18  Lingkaran Teknokrat 3 Barat - Cyber 4 63000 Cyberjaya Selangor|Malaysia|Yes|N/A|N/A|Identity & Access Management|Digital Workplace Services|Mohamad Helmi Harith/Malaysia/IBM|Pathmanabhan Asoka/Malaysia/IBM|
IBM CIC  -  Malaysia|IBM Global Delivery Centre (Malaysia) Sdn Bhd|Block A Quill 18  Lingkaran Teknokrat 3 Barat - Cyber 4 63000 Cyberjaya Selangor|Malaysia|Yes|N/A|N/A|Data Center Operations|Infrastructure Support & Data Center Services|Mohamad Helmi Harith/Malaysia/IBM|Pathmanabhan Asoka/Malaysia/IBM|
IBM CIC  -  Czech Republic|IBM Global Services Delivery Center Czech Republic s.r.o.|Technika 2995/21 Brno 61600  -  Czech Republic|Czech Republic|Yes|N/A|N/A|Distributed - Wintel|Compute|Libor Michalcik/Czech Republic/IBM@IBMCZ||
IBM CIC  -  Czech Republic|IBM Global Services Delivery Center Czech Republic s.r.o.|Technika 2995/21 Brno 61600  -  Czech Republic|Czech Republic|Yes|N/A|N/A|Distributed – VMWare/Citrix|Compute|Libor Michalcik/Czech Republic/IBM@IBMCZ||
IBM CIC  -  Czech Republic|IBM Global Services Delivery Center Czech Republic s.r.o.|Technika 2995/21 Brno 61600  -  Czech Republic|Czech Republic|Yes|N/A|N/A|Distributed – Unix/Linux|Compute|Libor Michalcik/Czech Republic/IBM@IBMCZ||
IBM CIC  -  Czech Republic|IBM Global Services Delivery Center Czech Republic s.r.o.|Technika 2995/21 Brno 61600  -  Czech Republic|Czech Republic|Yes|N/A|N/A|Distributed - Project|Compute|Libor Michalcik/Czech Republic/IBM@IBMCZ||
IBM CIC  -  Czech Republic|IBM Global Services Delivery Center Czech Republic s.r.o.|Technika 2995/21 Brno 61600  -  Czech Republic|Czech Republic|Yes|N/A|N/A|Distributed – Other/Complex|Compute|Libor Michalcik/Czech Republic/IBM@IBMCZ||
IBM CIC  -  Czech Republic|IBM Global Services Delivery Center Czech Republic s.r.o.|Technika 2995/21 Brno 61600  -  Czech Republic|Czech Republic|Yes|N/A|N/A|Performance and Capacity Management|Compute|Libor Michalcik/Czech Republic/IBM@IBMCZ||
IBM CIC  -  Czech Republic|IBM Global Services Delivery Center Czech Republic s.r.o.|Technika 2995/21 Brno 61600  -  Czech Republic|Czech Republic|Yes|N/A|N/A|System Operations - Distributed|Compute|Libor Michalcik/Czech Republic/IBM@IBMCZ||
IBM CIC  -  Czech Republic|IBM Global Services Delivery Center Czech Republic s.r.o.|Technika 2995/21 Brno 61600  -  Czech Republic|Czech Republic|Yes|N/A|N/A|Server Build|Compute|Libor Michalcik/Czech Republic/IBM@IBMCZ||
IBM CIC  -  Czech Republic|IBM Global Services Delivery Center Czech Republic s.r.o.|Technika 2995/21 Brno 61600  -  Czech Republic|Czech Republic|Yes|N/A|N/A|Distributed Database|Compute|Libor Michalcik/Czech Republic/IBM@IBMCZ||
IBM CIC  -  Czech Republic|IBM Global Services Delivery Center Czech Republic s.r.o.|Technika 2995/21 Brno 61600  -  Czech Republic|Czech Republic|Yes|N/A|N/A|Distributed Middleware|Compute|Libor Michalcik/Czech Republic/IBM@IBMCZ||
IBM CIC  -  Czech Republic|IBM Global Services Delivery Center Czech Republic s.r.o.|Technika 2995/21 Brno 61600  -  Czech Republic|Czech Republic|Yes|N/A|N/A|ERP & Applications|Compute|Libor Michalcik/Czech Republic/IBM@IBMCZ||
IBM CIC  -  Czech Republic|IBM Global Services Delivery Center Czech Republic s.r.o.|Technika 2995/21 Brno 61600  -  Czech Republic|Czech Republic|Yes|N/A|N/A|Email & Collaboration|Compute|Libor Michalcik/Czech Republic/IBM@IBMCZ||
IBM CIC  -  Czech Republic|IBM Global Services Delivery Center Czech Republic s.r.o.|Technika 2995/21 Brno 61600  -  Czech Republic|Czech Republic|Yes|N/A|N/A|Backup as a Service|Resiliency and Storage Services|Libor Michalcik/Czech Republic/IBM@IBMCZ||
IBM CIC  -  Czech Republic|IBM Global Services Delivery Center Czech Republic s.r.o.|Technika 2995/21 Brno 61600  -  Czech Republic|Czech Republic|Yes|N/A|N/A|Disaster Recovery as a Service|Resiliency and Storage Services|Libor Michalcik/Czech Republic/IBM@IBMCZ||
IBM CIC  -  Czech Republic|IBM Global Services Delivery Center Czech Republic s.r.o.|Technika 2995/21 Brno 61600  -  Czech Republic|Czech Republic|Yes|N/A|N/A|Distributed Storage Services|Resiliency and Storage Services|Libor Michalcik/Czech Republic/IBM@IBMCZ||
IBM CIC  -  Czech Republic|IBM Global Services Delivery Center Czech Republic s.r.o.|Technika 2995/21 Brno 61600  -  Czech Republic|Czech Republic|Yes|N/A|N/A|Mainframe Storage Services|Resiliency and Storage Services|Libor Michalcik/Czech Republic/IBM@IBMCZ||
IBM CIC  -  Czech Republic|IBM Global Services Delivery Center Czech Republic s.r.o.|Technika 2995/21 Brno 61600  -  Czech Republic|Czech Republic|Yes|N/A|N/A|Resiliency & Storage Project Services|Resiliency and Storage Services|Libor Michalcik/Czech Republic/IBM@IBMCZ||
IBM CIC  -  Czech Republic|IBM Global Services Delivery Center Czech Republic s.r.o.|Technika 2995/21 Brno 61600  -  Czech Republic|Czech Republic|Yes|N/A|N/A|Mainframe Platform|Mainframe Services|Libor Michalcik/Czech Republic/IBM@IBMCZ||
IBM CIC  -  Czech Republic|IBM Global Services Delivery Center Czech Republic s.r.o.|Technika 2995/21 Brno 61600  -  Czech Republic|Czech Republic|Yes|N/A|N/A|Mainframe MW&DB|Mainframe Services|Libor Michalcik/Czech Republic/IBM@IBMCZ||
IBM CIC  -  Czech Republic|IBM Global Services Delivery Center Czech Republic s.r.o.|Technika 2995/21 Brno 61600  -  Czech Republic|Czech Republic|Yes|N/A|N/A|System Operations - Mainframe|Mainframe Services|Libor Michalcik/Czech Republic/IBM@IBMCZ||
IBM CIC  -  Czech Republic|IBM Global Services Delivery Center Czech Republic s.r.o.|Technika 2995/21 Brno 61600  -  Czech Republic|Czech Republic|Yes|N/A|N/A|WSS-Deskside|Digital Workplace Services|Libor Michalcik/Czech Republic/IBM@IBMCZ||
IBM CIC  -  Czech Republic|IBM Global Services Delivery Center Czech Republic s.r.o.|Technika 2995/21 Brno 61600  -  Czech Republic|Czech Republic|Yes|N/A|N/A|WSS-Service Desk|Digital Workplace Services|Libor Michalcik/Czech Republic/IBM@IBMCZ||
IBM CIC  -  Czech Republic|IBM Global Services Delivery Center Czech Republic s.r.o.|Technika 2995/21 Brno 61600  -  Czech Republic|Czech Republic|Yes|N/A|N/A|Workplace Modernization Services|Digital Workplace Services|Libor Michalcik/Czech Republic/IBM@IBMCZ||
IBM CIC  -  Czech Republic|IBM Global Services Delivery Center Czech Republic s.r.o.|Technika 2995/21 Brno 61600  -  Czech Republic|Czech Republic|Yes|N/A|N/A|Identity & Access Management|Digital Workplace Services|Libor Michalcik/Czech Republic/IBM@IBMCZ||
IBM CIC  -  Czech Republic|IBM Global Services Delivery Center Czech Republic s.r.o.|Technika 2995/21 Brno 61600  -  Czech Republic|Czech Republic|Yes|N/A|N/A|Global Network Compliance|Network Services|Libor Michalcik/Czech Republic/IBM@IBMCZ||
IBM CIC  -  Czech Republic|IBM Global Services Delivery Center Czech Republic s.r.o.|Technika 2995/21 Brno 61600  -  Czech Republic|Czech Republic|Yes|N/A|N/A|Managed WAN|Network Services|Libor Michalcik/Czech Republic/IBM@IBMCZ||
IBM CIC  -  Czech Republic|IBM Global Services Delivery Center Czech Republic s.r.o.|Technika 2995/21 Brno 61600  -  Czech Republic|Czech Republic|Yes|N/A|N/A|Managed LAN Service|Network Services|Libor Michalcik/Czech Republic/IBM@IBMCZ||
IBM CIC  -  Czech Republic|IBM Global Services Delivery Center Czech Republic s.r.o.|Technika 2995/21 Brno 61600  -  Czech Republic|Czech Republic|Yes|N/A|N/A|Managed Network Security Service|Network Services|Libor Michalcik/Czech Republic/IBM@IBMCZ||
IBM CIC  -  Czech Republic|IBM Global Services Delivery Center Czech Republic s.r.o.|Technika 2995/21 Brno 61600  -  Czech Republic|Czech Republic|Yes|N/A|N/A|Managed Voice Service|Network Services|Libor Michalcik/Czech Republic/IBM@IBMCZ||
IBM CIC  -  Czech Republic|IBM Global Services Delivery Center Czech Republic s.r.o.|Technika 2995/21 Brno 61600  -  Czech Republic|Czech Republic|Yes|N/A|N/A|Hardware & Maintenance|Infrastructure Support & Data Center Services|Libor Michalcik/Czech Republic/IBM@IBMCZ||
IBM CIC  -  Czech Republic|IBM Global Services Delivery Center Czech Republic s.r.o.|Technika 2995/21 Brno 61600  -  Czech Republic|Czech Republic|Yes|N/A|N/A|Software|Infrastructure Support & Data Center Services|Libor Michalcik/Czech Republic/IBM@IBMCZ||
IBM CIC  -  Czech Republic|IBM Global Services Delivery Center Czech Republic s.r.o.|Technika 2995/21 Brno 61600  -  Czech Republic|Czech Republic|Yes|N/A|N/A|Asset Optimization|Infrastructure Support & Data Center Services|Libor Michalcik/Czech Republic/IBM@IBMCZ||
IBM CIC  -  Czech Republic|IBM Global Services Delivery Center Czech Republic s.r.o.|Technika 2995/21 Brno 61600  -  Czech Republic|Czech Republic|Yes|N/A|N/A|Data Center Operations|Infrastructure Support & Data Center Services|Libor Michalcik/Czech Republic/IBM@IBMCZ||
IBM CIC  -  Bulgaria|IBM Bulgaria EOOD|36 Dragon Tzankov Boulevard Izgrev District 1040 Sofia  -  Bulgaria|Bulgaria|Yes|N/A|N/A|Distributed - Wintel|Compute|Hari Salabashyan/Bulgaria/IBM@IBMBG||
IBM CIC  -  Bulgaria|IBM Bulgaria EOOD|37 Dragon Tzankov Boulevard Izgrev District 1040 Sofia  -  Bulgaria|Bulgaria|Yes|N/A|N/A|Distributed – VMWare/Citrix|Compute|Hari Salabashyan/Bulgaria/IBM@IBMBG||
IBM CIC  -  Bulgaria|IBM Bulgaria EOOD|38 Dragon Tzankov Boulevard Izgrev District 1040 Sofia  -  Bulgaria|Bulgaria|Yes|N/A|N/A|Distributed – Unix/Linux|Compute|Hari Salabashyan/Bulgaria/IBM@IBMBG||
IBM CIC  -  Bulgaria|IBM Bulgaria EOOD|39 Dragon Tzankov Boulevard Izgrev District 1040 Sofia  -  Bulgaria|Bulgaria|Yes|N/A|N/A|Distributed - Project|Compute|Hari Salabashyan/Bulgaria/IBM@IBMBG||
IBM CIC  -  Bulgaria|IBM Bulgaria EOOD|40 Dragon Tzankov Boulevard Izgrev District 1040 Sofia  -  Bulgaria|Bulgaria|Yes|N/A|N/A|Distributed – Other/Complex|Compute|Hari Salabashyan/Bulgaria/IBM@IBMBG||
IBM CIC  -  Bulgaria|IBM Bulgaria EOOD|43 Dragon Tzankov Boulevard Izgrev District 1040 Sofia  -  Bulgaria|Bulgaria|Yes|N/A|N/A|Server Build|Compute|Hari Salabashyan/Bulgaria/IBM@IBMBG||
IBM CIC  -  Bulgaria|IBM Bulgaria EOOD|44 Dragon Tzankov Boulevard Izgrev District 1040 Sofia  -  Bulgaria|Bulgaria|Yes|N/A|N/A|Distributed Database|Compute|Hari Salabashyan/Bulgaria/IBM@IBMBG||
IBM CIC  -  Bulgaria|IBM Bulgaria EOOD|45 Dragon Tzankov Boulevard Izgrev District 1040 Sofia  -  Bulgaria|Bulgaria|Yes|N/A|N/A|Distributed Middleware|Compute|Hari Salabashyan/Bulgaria/IBM@IBMBG||
IBM CIC  -  Bulgaria|IBM Bulgaria EOOD|46 Dragon Tzankov Boulevard Izgrev District 1040 Sofia  -  Bulgaria|Bulgaria|Yes|N/A|N/A|ERP & Applications|Compute|Hari Salabashyan/Bulgaria/IBM@IBMBG||
IBM CIC  -  Bulgaria|IBM Bulgaria EOOD|47 Dragon Tzankov Boulevard Izgrev District 1040 Sofia  -  Bulgaria|Bulgaria|Yes|N/A|N/A|Email & Collaboration|Compute|Hari Salabashyan/Bulgaria/IBM@IBMBG||
IBM CIC  -  Bulgaria|IBM Bulgaria EOOD|54 Dragon Tzankov Boulevard Izgrev District 1040 Sofia  -  Bulgaria|Bulgaria|Yes|N/A|N/A|Mainframe Platform|Mainframe Services|Hari Salabashyan/Bulgaria/IBM@IBMBG||
IBM CIC  -  Bulgaria|IBM Bulgaria EOOD|55 Dragon Tzankov Boulevard Izgrev District 1040 Sofia  -  Bulgaria|Bulgaria|Yes|N/A|N/A|Mainframe MW&DB|Mainframe Services|Hari Salabashyan/Bulgaria/IBM@IBMBG||
IBM CIC  -  Bulgaria|IBM Bulgaria EOOD|56 Dragon Tzankov Boulevard Izgrev District 1040 Sofia  -  Bulgaria|Bulgaria|Yes|N/A|N/A|System Operations - Mainframe|Mainframe Services|Hari Salabashyan/Bulgaria/IBM@IBMBG||
IBM CIC  -  Bulgaria|IBM Bulgaria EOOD|61 Dragon Tzankov Boulevard Izgrev District 1040 Sofia  -  Bulgaria|Bulgaria|Yes|N/A|N/A|Network Solution Introduction Service|Network Services|Hari Salabashyan/Bulgaria/IBM@IBMBG||
IBM CIC  -  Bulgaria|IBM Bulgaria EOOD|62 Dragon Tzankov Boulevard Izgrev District 1040 Sofia  -  Bulgaria|Bulgaria|Yes|N/A|N/A|Network Project Services|Network Services|Hari Salabashyan/Bulgaria/IBM@IBMBG||
IBM CIC  -  Bulgaria|IBM Bulgaria EOOD|63 Dragon Tzankov Boulevard Izgrev District 1040 Sofia  -  Bulgaria|Bulgaria|Yes|N/A|N/A|Global Network Compliance|Network Services|Hari Salabashyan/Bulgaria/IBM@IBMBG||
IBM CIC  -  Bulgaria|IBM Bulgaria EOOD|71 Dragon Tzankov Boulevard Izgrev District 1040 Sofia  -  Bulgaria|Bulgaria|Yes|N/A|N/A|Hybrid Cloud|Integrated Managed Infrastructure|Hari Salabashyan/Bulgaria/IBM@IBMBG||
IBM CIC  -  Bulgaria|IBM Bulgaria EOOD|72 Dragon Tzankov Boulevard Izgrev District 1040 Sofia  -  Bulgaria|Bulgaria|Yes|N/A|N/A|Private Cloud|Integrated Managed Infrastructure|Hari Salabashyan/Bulgaria/IBM@IBMBG||
IBM CIC  -  Bulgaria|IBM Bulgaria EOOD|73 Dragon Tzankov Boulevard Izgrev District 1040 Sofia  -  Bulgaria|Bulgaria|Yes|N/A|N/A|Public Cloud|Integrated Managed Infrastructure|Hari Salabashyan/Bulgaria/IBM@IBMBG||
IBM CIC  -  Bulgaria|IBM Bulgaria EOOD|74 Dragon Tzankov Boulevard Izgrev District 1040 Sofia  -  Bulgaria|Bulgaria|Yes|N/A|N/A|Advanced Cloud & Hub Enablement|Integrated Managed Infrastructure|Hari Salabashyan/Bulgaria/IBM@IBMBG||
IBM CIC  -  Argentina|IBM Argentina Sociedad de Responsabilidad Limitada|Pasaje Ingeniero Enrique Butty 275 piso 21 Buenos Aires  C1001AFA  -   Argentina|Argentina|Yes|N/A|N/A|Distributed - Wintel|Compute|Adrian Taboada Nicolas Lorenzo Micaela Moreira|Alejandro Grossi|
IBM CIC  -  Argentina|IBM Argentina Sociedad de Responsabilidad Limitada|Pasaje Ingeniero Enrique Butty 275 piso 21 Buenos Aires  C1001AFA  -   Argentina|Argentina|Yes|N/A|N/A|Distributed – VMWare/Citrix|Compute|Adrian Taboada Nicolas Lorenzo Micaela Moreira|Alejandro Grossi|
IBM CIC  -  Argentina|IBM Argentina Sociedad de Responsabilidad Limitada|Pasaje Ingeniero Enrique Butty 275 piso 21 Buenos Aires  C1001AFA  -   Argentina|Argentina|Yes|N/A|N/A|Distributed – Unix/Linux|Compute|Adrian Taboada Nicolas Lorenzo Micaela Moreira|Alejandro Grossi|
IBM CIC  -  Argentina|IBM Argentina Sociedad de Responsabilidad Limitada|Pasaje Ingeniero Enrique Butty 275 piso 21 Buenos Aires  C1001AFA  -   Argentina|Argentina|Yes|N/A|N/A|Distributed - Project|Compute|Adrian Taboada Nicolas Lorenzo Micaela Moreira|Alejandro Grossi|
IBM CIC  -  Argentina|IBM Argentina Sociedad de Responsabilidad Limitada|Pasaje Ingeniero Enrique Butty 275 piso 21 Buenos Aires  C1001AFA  -   Argentina|Argentina|Yes|N/A|N/A|Distributed – Other/Complex|Compute|Adrian Taboada Nicolas Lorenzo Micaela Moreira|Alejandro Grossi|
IBM CIC  -  Argentina|IBM Argentina Sociedad de Responsabilidad Limitada|Pasaje Ingeniero Enrique Butty 275 piso 21 Buenos Aires  C1001AFA  -   Argentina|Argentina|Yes|N/A|N/A|Performance and Capacity Management|Compute|Adrian Taboada Nicolas Lorenzo Micaela Moreira|Alejandro Grossi|
IBM CIC  -  Argentina|IBM Argentina Sociedad de Responsabilidad Limitada|Pasaje Ingeniero Enrique Butty 275 piso 21 Buenos Aires  C1001AFA  -   Argentina|Argentina|Yes|N/A|N/A|System Operations - Distributed|Compute|Adrian Taboada Nicolas Lorenzo Micaela Moreira|Alejandro Grossi|
IBM CIC  -  Argentina|IBM Argentina Sociedad de Responsabilidad Limitada|Pasaje Ingeniero Enrique Butty 275 piso 21 Buenos Aires  C1001AFA  -   Argentina|Argentina|Yes|N/A|N/A|Server Build|Compute|Adrian Taboada Nicolas Lorenzo Micaela Moreira|Alejandro Grossi|
IBM CIC  -  Argentina|IBM Argentina Sociedad de Responsabilidad Limitada|Pasaje Ingeniero Enrique Butty 275 piso 21 Buenos Aires  C1001AFA  -   Argentina|Argentina|Yes|N/A|N/A|Distributed Database|Compute|Adrian Taboada Nicolas Lorenzo Micaela Moreira|Alejandro Grossi|
IBM CIC  -  Argentina|IBM Argentina Sociedad de Responsabilidad Limitada|Pasaje Ingeniero Enrique Butty 275 piso 21 Buenos Aires  C1001AFA  -   Argentina|Argentina|Yes|N/A|N/A|Email & Collaboration|Compute|Adrian Taboada Nicolas Lorenzo Micaela Moreira|Alejandro Grossi|
IBM CIC  -  Argentina|IBM Argentina Sociedad de Responsabilidad Limitada|Pasaje Ingeniero Enrique Butty 275 piso 21 Buenos Aires  C1001AFA  -   Argentina|Argentina|Yes|N/A|N/A|Backup as a Service|Resiliency and Storage Services|Alejandro Grossi|Alejandro Grossi|
IBM CIC  -  Argentina|IBM Argentina Sociedad de Responsabilidad Limitada|Pasaje Ingeniero Enrique Butty 275 piso 21 Buenos Aires  C1001AFA  -   Argentina|Argentina|Yes|N/A|N/A|Disaster Recovery as a Service|Resiliency and Storage Services|Alejandro Grossi|Alejandro Grossi|
IBM CIC  -  Argentina|IBM Argentina Sociedad de Responsabilidad Limitada|Pasaje Ingeniero Enrique Butty 275 piso 21 Buenos Aires  C1001AFA  -   Argentina|Argentina|Yes|N/A|N/A|Distributed Storage Services|Resiliency and Storage Services|Alejandro Grossi|Alejandro Grossi|
IBM CIC  -  Argentina|IBM Argentina Sociedad de Responsabilidad Limitada|Pasaje Ingeniero Enrique Butty 275 piso 21 Buenos Aires  C1001AFA  -   Argentina|Argentina|Yes|N/A|N/A|Mainframe Storage Services|Resiliency and Storage Services|Alejandro Grossi|Alejandro Grossi|
IBM CIC  -  Argentina|IBM Argentina Sociedad de Responsabilidad Limitada|Pasaje Ingeniero Enrique Butty 275 piso 21 Buenos Aires  C1001AFA  -   Argentina|Argentina|Yes|N/A|N/A|Mainframe Platform|Mainframe Services|Daniel Ayres|Alejandro Grossi|
IBM CIC  -  Argentina|IBM Argentina Sociedad de Responsabilidad Limitada|Pasaje Ingeniero Enrique Butty 275 piso 21 Buenos Aires  C1001AFA  -   Argentina|Argentina|Yes|N/A|N/A|Mainframe MW&DB|Mainframe Services|Daniel Ayres|Alejandro Grossi|
IBM CIC  -  Argentina|IBM Argentina Sociedad de Responsabilidad Limitada|Pasaje Ingeniero Enrique Butty 275 piso 21 Buenos Aires  C1001AFA  -   Argentina|Argentina|Yes|N/A|N/A|System Operations - Mainframe|Mainframe Services|Daniel Ayres|Alejandro Grossi|
IBM CIC  -  Argentina|IBM Argentina Sociedad de Responsabilidad Limitada|Pasaje Ingeniero Enrique Butty 275 piso 21 Buenos Aires  C1001AFA  -   Argentina|Argentina|Yes|N/A|N/A|WSS-Service Desk|Digital Workplace Services|Lucas Fiorino|Alejandro Grossi|
IBM CIC  -  Argentina|IBM Argentina Sociedad de Responsabilidad Limitada|Pasaje Ingeniero Enrique Butty 275 piso 21 Buenos Aires  C1001AFA  -   Argentina|Argentina|Yes|N/A|N/A|Identity & Access Management|Digital Workplace Services|Adrian Brussa|Alejandro Grossi|
IBM CIC  -  Argentina|IBM Argentina Sociedad de Responsabilidad Limitada|Pasaje Ingeniero Enrique Butty 275 piso 21 Buenos Aires  C1001AFA  -   Argentina|Argentina|Yes|N/A|N/A|Network Project Services|Network Services|Alejandro Grossi|Alejandro Grossi|
IBM CIC  -  Hungary|IBM Data Storage Systems Information Technology LLC|Deávári fasor 16 -– 18 2600 Vác  -  Hungary|Hungary|Yes|N/A|N/A|Distributed - Wintel|Compute|Adam Teszeri1/Hungary/IBM@IBMHU||
IBM CIC  -  Hungary|IBM Data Storage Systems Information Technology LLC|Deávári fasor 16 -– 18 2600 Vác  -  Hungary|Hungary|Yes|N/A|N/A|Distributed – VMWare/Citrix|Compute|Adam Teszeri1/Hungary/IBM@IBMHU||
IBM CIC  -  Hungary|IBM Data Storage Systems Information Technology LLC|Deávári fasor 16 -– 18 2600 Vác  -  Hungary|Hungary|Yes|N/A|N/A|Distributed – Unix/Linux|Compute|Adam Teszeri1/Hungary/IBM@IBMHU||
IBM CIC  -  Hungary|IBM Data Storage Systems Information Technology LLC|Deávári fasor 16 -– 18 2600 Vác  -  Hungary|Hungary|Yes|N/A|N/A|Distributed - Project|Compute|Adam Teszeri1/Hungary/IBM@IBMHU||
IBM CIC  -  Hungary|IBM Data Storage Systems Information Technology LLC|Deávári fasor 16 -– 18 2600 Vác  -  Hungary|Hungary|Yes|N/A|N/A|Distributed – Other/Complex|Compute|Adam Teszeri1/Hungary/IBM@IBMHU||
IBM CIC  -  Hungary|IBM Data Storage Systems Information Technology LLC|Deávári fasor 16 -– 18 2600 Vác  -  Hungary|Hungary|Yes|N/A|N/A|Performance and Capacity Management|Compute|Adam Teszeri1/Hungary/IBM@IBMHU||
IBM CIC  -  Hungary|IBM Data Storage Systems Information Technology LLC|Deávári fasor 16 -– 18 2600 Vác  -  Hungary|Hungary|Yes|N/A|N/A|System Operations - Distributed|Compute|Adam Teszeri1/Hungary/IBM@IBMHU||
IBM CIC  -  Hungary|IBM Data Storage Systems Information Technology LLC|Deávári fasor 16 -– 18 2600 Vác  -  Hungary|Hungary|Yes|N/A|N/A|Server Build|Compute|Adam Teszeri1/Hungary/IBM@IBMHU||
IBM CIC  -  Hungary|IBM Data Storage Systems Information Technology LLC|Deávári fasor 16 -– 18 2600 Vác  -  Hungary|Hungary|Yes|N/A|N/A|Distributed Database|Compute|Adam Teszeri1/Hungary/IBM@IBMHU||
IBM CIC  -  Hungary|IBM Data Storage Systems Information Technology LLC|Deávári fasor 16 -– 18 2600 Vác  -  Hungary|Hungary|Yes|N/A|N/A|Distributed Middleware|Compute|Adam Teszeri1/Hungary/IBM@IBMHU||
IBM CIC  -  Hungary|IBM Data Storage Systems Information Technology LLC|Deávári fasor 16 -– 18 2600 Vác  -  Hungary|Hungary|Yes|N/A|N/A|ERP & Applications|Compute|Adam Teszeri1/Hungary/IBM@IBMHU||
IBM CIC  -  Hungary|IBM Data Storage Systems Information Technology LLC|Deávári fasor 16 -– 18 2600 Vác  -  Hungary|Hungary|Yes|N/A|N/A|Email & Collaboration|Compute|Adam Teszeri1/Hungary/IBM@IBMHU||
IBM CIC  -  Hungary|IBM Data Storage Systems Information Technology LLC|Deávári fasor 16 -– 18 2600 Vác  -  Hungary|Hungary|Yes|N/A|N/A|Backup as a Service|Resiliency and Storage Services|Adam Teszeri1/Hungary/IBM@IBMHU||
IBM CIC  -  Hungary|IBM Data Storage Systems Information Technology LLC|Deávári fasor 16 -– 18 2600 Vác  -  Hungary|Hungary|Yes|N/A|N/A|Disaster Recovery as a Service|Resiliency and Storage Services|Adam Teszeri1/Hungary/IBM@IBMHU||
IBM CIC  -  Hungary|IBM Data Storage Systems Information Technology LLC|Deávári fasor 16 -– 18 2600 Vác  -  Hungary|Hungary|Yes|N/A|N/A|Distributed Storage Services|Resiliency and Storage Services|Adam Teszeri1/Hungary/IBM@IBMHU||
IBM CIC  -  Hungary|IBM Data Storage Systems Information Technology LLC|Deávári fasor 16 -– 18 2600 Vác  -  Hungary|Hungary|Yes|N/A|N/A|Mainframe Storage Services|Resiliency and Storage Services|Adam Teszeri1/Hungary/IBM@IBMHU||
IBM CIC  -  Hungary|IBM Data Storage Systems Information Technology LLC|Deávári fasor 16 -– 18 2600 Vác  -  Hungary|Hungary|Yes|N/A|N/A|Resiliency & Storage Project Services|Resiliency and Storage Services|Adam Teszeri1/Hungary/IBM@IBMHU||
IBM CIC  -  Hungary|IBM Data Storage Systems Information Technology LLC|Deávári fasor 16 -– 18 2600 Vác  -  Hungary|Hungary|Yes|N/A|N/A|Mainframe Platform|Mainframe Services|Adam Teszeri1/Hungary/IBM@IBMHU||
IBM CIC  -  Hungary|IBM Data Storage Systems Information Technology LLC|Deávári fasor 16 -– 18 2600 Vác  -  Hungary|Hungary|Yes|N/A|N/A|Mainframe MW&DB|Mainframe Services|Adam Teszeri1/Hungary/IBM@IBMHU||
IBM CIC  -  Hungary|IBM Data Storage Systems Information Technology LLC|Deávári fasor 16 -– 18 2600 Vác  -  Hungary|Hungary|Yes|N/A|N/A|System Operations - Mainframe|Mainframe Services|Adam Teszeri1/Hungary/IBM@IBMHU||
IBM CIC  -  Hungary|IBM Data Storage Systems Information Technology LLC|Deávári fasor 16 -– 18 2600 Vác  -  Hungary|Hungary|Yes|N/A|N/A|WSS-Deskside|Digital Workplace Services|Adam Teszeri1/Hungary/IBM@IBMHU||
IBM CIC  -  Hungary|IBM Data Storage Systems Information Technology LLC|Deávári fasor 16 -– 18 2600 Vác  -  Hungary|Hungary|Yes|N/A|N/A|WSS-Service Desk|Digital Workplace Services|Adam Teszeri1/Hungary/IBM@IBMHU||
IBM CIC  -  Hungary|IBM Data Storage Systems Information Technology LLC|Deávári fasor 16 -– 18 2600 Vác  -  Hungary|Hungary|Yes|N/A|N/A|Workplace Modernization Services|Digital Workplace Services|Adam Teszeri1/Hungary/IBM@IBMHU||
IBM CIC  -  Hungary|IBM Data Storage Systems Information Technology LLC|Deávári fasor 16 -– 18 2600 Vác  -  Hungary|Hungary|Yes|N/A|N/A|Identity & Access Management|Digital Workplace Services|Adam Teszeri1/Hungary/IBM@IBMHU||
IBM CIC  -  Hungary|IBM Data Storage Systems Information Technology LLC|Deávári fasor 16 -– 18 2600 Vác  -  Hungary|Hungary|Yes|N/A|N/A|Global Network Compliance|Network Services|Adam Teszeri1/Hungary/IBM@IBMHU||
IBM CIC  -  Hungary|IBM Data Storage Systems Information Technology LLC|Deávári fasor 16 -– 18 2600 Vác  -  Hungary|Hungary|Yes|N/A|N/A|Managed WAN|Network Services|Adam Teszeri1/Hungary/IBM@IBMHU||
IBM CIC  -  Hungary|IBM Data Storage Systems Information Technology LLC|Deávári fasor 16 -– 18 2600 Vác  -  Hungary|Hungary|Yes|N/A|N/A|Managed LAN Service|Network Services|Adam Teszeri1/Hungary/IBM@IBMHU||
IBM CIC  -  Hungary|IBM Data Storage Systems Information Technology LLC|Deávári fasor 16 -– 18 2600 Vác  -  Hungary|Hungary|Yes|N/A|N/A|Managed Network Security Service|Network Services|Adam Teszeri1/Hungary/IBM@IBMHU||
IBM CIC  -  Hungary|IBM Data Storage Systems Information Technology LLC|Deávári fasor 16 -– 18 2600 Vác  -  Hungary|Hungary|Yes|N/A|N/A|Managed Voice Service|Network Services|Adam Teszeri1/Hungary/IBM@IBMHU||
IBM CIC  -  Hungary|IBM Data Storage Systems Information Technology LLC|Deávári fasor 16 -– 18 2600 Vác  -  Hungary|Hungary|Yes|N/A|N/A|Hardware & Maintenance|Infrastructure Support & Data Center Services|Adam Teszeri1/Hungary/IBM@IBMHU||
IBM CIC  -  Hungary|IBM Data Storage Systems Information Technology LLC|Deávári fasor 16 -– 18 2600 Vác  -  Hungary|Hungary|Yes|N/A|N/A|Software|Infrastructure Support & Data Center Services|Adam Teszeri1/Hungary/IBM@IBMHU||
IBM CIC  -  Hungary|IBM Data Storage Systems Information Technology LLC|Deávári fasor 16 -– 18 2600 Vác  -  Hungary|Hungary|Yes|N/A|N/A|Asset Optimization|Infrastructure Support & Data Center Services|Adam Teszeri1/Hungary/IBM@IBMHU||
IBM CIC  -  Hungary|IBM Data Storage Systems Information Technology LLC|Deávári fasor 16 -– 18 2600 Vác  -  Hungary|Hungary|Yes|N/A|N/A|Data Center Operations|Infrastructure Support & Data Center Services|Adam Teszeri1/Hungary/IBM@IBMHU||
IBM CIC  -  Costa Rica|IBM Business Transformation Center S.r.l.|F30 Americas Free Trade Zone Calle La Rusia  -   Costa Rica|Costa Rica|Yes|N/A|N/A|Distributed - Wintel|Compute|Gilberto Mussio/Costa Rica/IBM|Gilberto Mussio/Costa Rica/IBM|We do not have 3rd party vendors or subprocessors in supply chaim
IBM CIC  -  Costa Rica|IBM Business Transformation Center S.r.l.|F30 Americas Free Trade Zone Calle La Rusia  -   Costa Rica|Costa Rica|Yes|N/A|N/A|Distributed – VMWare/Citrix|Compute|Gilberto Mussio/Costa Rica/IBM|Gilberto Mussio/Costa Rica/IBM|We do not have 3rd party vendors or subprocessors in supply chaim
IBM CIC  -  Costa Rica|IBM Business Transformation Center S.r.l.|F30 Americas Free Trade Zone Calle La Rusia  -   Costa Rica|Costa Rica|Yes|N/A|N/A|Distributed – Unix/Linux|Compute|Gilberto Mussio/Costa Rica/IBM|Gilberto Mussio/Costa Rica/IBM|We do not have 3rd party vendors or subprocessors in supply chaim
IBM CIC  -  Costa Rica|IBM Business Transformation Center S.r.l.|F30 Americas Free Trade Zone Calle La Rusia  -   Costa Rica|Costa Rica|Yes|N/A|N/A|Distributed - Project|Compute|Inti Chacon Madrigal/Costa Rica/IBM|Inti Chacon Madrigal/Costa Rica/IBM|We do not have 3rd party vendors or subprocessors in supply chaim
IBM CIC  -  Costa Rica|IBM Business Transformation Center S.r.l.|F30 Americas Free Trade Zone Calle La Rusia  -   Costa Rica|Costa Rica|Yes|N/A|N/A|Performance and Capacity Management|Compute|Gilberto Mussio/Costa Rica/IBM|Gilberto Mussio/Costa Rica/IBM|We do not have 3rd party vendors or subprocessors in supply chaim
IBM CIC  -  Costa Rica|IBM Business Transformation Center S.r.l.|F30 Americas Free Trade Zone Calle La Rusia  -   Costa Rica|Costa Rica|Yes|N/A|N/A|System Operations - Distributed|Compute|Gilberto Mussio/Costa Rica/IBM|Gilberto Mussio/Costa Rica/IBM|We do not have 3rd party vendors or subprocessors in supply chaim
IBM CIC  -  Costa Rica|IBM Business Transformation Center S.r.l.|F30 Americas Free Trade Zone Calle La Rusia  -   Costa Rica|Costa Rica|Yes|N/A|N/A|Server Build|Compute|Gilberto Mussio/Costa Rica/IBM|Gilberto Mussio/Costa Rica/IBM|We do not have 3rd party vendors or subprocessors in supply chaim
IBM CIC  -  Costa Rica|IBM Business Transformation Center S.r.l.|F30 Americas Free Trade Zone Calle La Rusia  -   Costa Rica|Costa Rica|Yes|N/A|N/A|Distributed Database|Compute|Gilberto Mussio/Costa Rica/IBM|Gilberto Mussio/Costa Rica/IBM|We do not have 3rd party vendors or subprocessors in supply chaim
IBM CIC  -  Costa Rica|IBM Business Transformation Center S.r.l.|F30 Americas Free Trade Zone Calle La Rusia  -   Costa Rica|Costa Rica|Yes|N/A|N/A|Distributed Middleware|Compute|Gilberto Mussio/Costa Rica/IBM|Gilberto Mussio/Costa Rica/IBM|We do not have 3rd party vendors or subprocessors in supply chaim
IBM CIC  -  Costa Rica|IBM Business Transformation Center S.r.l.|F30 Americas Free Trade Zone Calle La Rusia  -   Costa Rica|Costa Rica|Yes|N/A|N/A|ERP & Applications|Compute|Gilberto Mussio/Costa Rica/IBM|Gilberto Mussio/Costa Rica/IBM|We do not have 3rd party vendors or subprocessors in supply chaim
IBM CIC  -  Costa Rica|IBM Business Transformation Center S.r.l.|F30 Americas Free Trade Zone Calle La Rusia  -   Costa Rica|Costa Rica|Yes|N/A|N/A|Email & Collaboration|Compute|Gilberto Mussio/Costa Rica/IBM|Gilberto Mussio/Costa Rica/IBM|We do not have 3rd party vendors or subprocessors in supply chaim
IBM CIC  -  Costa Rica|IBM Business Transformation Center S.r.l.|F30 Americas Free Trade Zone Calle La Rusia  -   Costa Rica|Costa Rica|Yes|N/A|N/A|Backup as a Service|Resiliency and Storage Services|Gustavo Villalobos Luna/Costa Rica/IBM|Gustavo Villalobos Luna/Costa Rica/IBM|We do not have 3rd party vendors or subprocessors in supply chaim
IBM CIC  -  Costa Rica|IBM Business Transformation Center S.r.l.|F30 Americas Free Trade Zone Calle La Rusia  -   Costa Rica|Costa Rica|Yes|N/A|N/A|WSS-Service Desk|Digital Workplace Services|Roberto Bolanos Barrantes/Costa Rica/IBM|Roberto Bolanos Barrantes/Costa Rica/IBM|We do not have 3rd party vendors or subprocessors in supply chaim
IBM CIC  -  Costa Rica|IBM Business Transformation Center S.r.l.|F30 Americas Free Trade Zone Calle La Rusia  -   Costa Rica|Costa Rica|Yes|N/A|N/A|Workplace Modernization Services|Digital Workplace Services|Jose Antonio Ramirez/Costa Rica/IBM|Jose Antonio Ramirez/Costa Rica/IBM|We do not have 3rd party vendors or subprocessors in supply chaim
IBM CIC  -  Costa Rica|IBM Business Transformation Center S.r.l.|F30 Americas Free Trade Zone Calle La Rusia  -   Costa Rica|Costa Rica|Yes|N/A|N/A|Managed LAN Service|Network Services|Gustavo Villalobos Luna/Costa Rica/IBM|Gustavo Villalobos Luna/Costa Rica/IBM|We do not have 3rd party vendors or subprocessors in supply chaim
IBM CIC  -  Costa Rica|IBM Business Transformation Center S.r.l.|F30 Americas Free Trade Zone Calle La Rusia  -   Costa Rica|Costa Rica|Yes|N/A|N/A|Managed Voice Service|Network Services|Gustavo Villalobos Luna/Costa Rica/IBM|Gustavo Villalobos Luna/Costa Rica/IBM|We do not have 3rd party vendors or subprocessors in supply chaim
IBM CIC  -  Costa Rica|IBM Business Transformation Center S.r.l.|F30 Americas Free Trade Zone Calle La Rusia  -   Costa Rica|Costa Rica|Yes|N/A|N/A|Data Center Operations|Infrastructure Support & Data Center Services|Gilberto Mussio/Costa Rica/IBM|Gilberto Mussio/Costa Rica/IBM|We do not have 3rd party vendors or subprocessors in supply chaim
IBM CIC  -  South Africa|IBM South Africa (Pty) Ltd|95 Grayston Drive Sandown 2196 - South Africa|South Africa|Yes|N/A|N/A|Performance and Capacity Management|Compute|Pieter Strydom/South Africa/IBM|Fredri van de Vyver/South Africa/IBM|
IBM CIC  -  South Africa|IBM South Africa (Pty) Ltd|96 Grayston Drive Sandown 2196 - South Africa|South Africa|Yes|N/A|N/A|System Operations - Distributed|Compute|Pieter Strydom/South Africa/IBM|Fredri van de Vyver/South Africa/IBM|
IBM CIC  -  South Africa|IBM South Africa (Pty) Ltd|98 Grayston Drive Sandown 2196 - South Africa|South Africa|Yes|N/A|N/A|Distributed Database|Compute|Delisile Madonsela/South Africa/IBM|Fredri van de Vyver/South Africa/IBM|
IBM CIC  -  South Africa|IBM South Africa (Pty) Ltd|108 Grayston Drive Sandown 2196 - South Africa|South Africa|Yes|N/A|N/A|Mainframe Platform|Mainframe Services|Pieter Strydom/South Africa/IBM|Fredri van de Vyver/South Africa/IBM|
IBM CIC  -  South Africa|IBM South Africa (Pty) Ltd|109 Grayston Drive Sandown 2196 - South Africa|South Africa|Yes|N/A|N/A|Mainframe MW&DB|Mainframe Services|Pieter Strydom/South Africa/IBM|Fredri van de Vyver/South Africa/IBM|
IBM CIC  -  South Africa|IBM South Africa (Pty) Ltd|110 Grayston Drive Sandown 2196 - South Africa|South Africa|Yes|N/A|N/A|System Operations - Mainframe|Mainframe Services|Pieter Strydom/South Africa/IBM|Fredri van de Vyver/South Africa/IBM|
IBM CIC  -  South Africa|IBM South Africa (Pty) Ltd|112 Grayston Drive Sandown 2196 - South Africa|South Africa|Yes|N/A|N/A|WSS-Service Desk|Digital Workplace Services|Patricia Du Plooy/South Africa/IBM|Fredri van de Vyver/South Africa/IBM|
IBM CIC  -  South Africa|IBM South Africa (Pty) Ltd|114 Grayston Drive Sandown 2196 - South Africa|South Africa|Yes|N/A|N/A|Identity & Access Management|Digital Workplace Services|Pieter Strydom/South Africa/IBM|Fredri van de Vyver/South Africa/IBM|
IBM CIC  -  Poland|IBM Global Services Delivery Centre Polska Sp. z o.o. |ul. Muchoborska 8 54-424 Wroclaw|Poland|Yes|N/A|N/A|Distributed - Wintel|Compute|Arkadiusz Sidor|Arkadiusz Sidor|As a part of our service we are interacting with those 3rd parties on behalf of the account team / client. The information handled over to those third parties may sometimes consist of personal data.
IBM CIC  -  Poland|IBM Global Services Delivery Centre Polska Sp. z o.o. |ul. Muchoborska 8 54-424 Wroclaw|Poland|Yes|N/A|N/A|ERP & Applications|Compute|Arkadiusz Sidor|Arkadiusz Sidor|As a part of our service we are interacting with those 3rd parties on behalf of the account team / client. The information handled over to those third parties may sometimes consist of personal data.
IBM CIC  -  Poland|IBM Global Services Delivery Centre Polska Sp. z o.o. |ul. Muchoborska 8 54-424 Wroclaw|Poland|Yes|N/A|N/A|Backup as a Service|Resiliency and Storage Services|Arkadiusz Sidor|Arkadiusz Sidor|As a part of our service we are interacting with those 3rd parties on behalf of the account team / client. The information handled over to those third parties may sometimes consist of personal data.
IBM CIC  -  Poland|IBM Global Services Delivery Centre Polska Sp. z o.o. |ul. Muchoborska 8 54-424 Wroclaw|Poland|Yes|N/A|N/A|Backup as a Service|Resiliency and Storage Services|Steven Pantridge|Dominik Wacior|
IBM CIC  -  Poland|IBM Global Services Delivery Centre Polska Sp. z o.o. |ul. Muchoborska 8 54-424 Wroclaw|Poland|Yes|N/A|N/A|Distributed Storage Services|Resiliency and Storage Services|Arkadiusz Sidor|Arkadiusz Sidor|As a part of our service we are interacting with those 3rd parties on behalf of the account team / client. The information handled over to those third parties may sometimes consist of personal data.
IBM CIC  -  Poland|IBM Global Services Delivery Centre Polska Sp. z o.o. |ul. Muchoborska 8 54-424 Wroclaw|Poland|Yes|N/A|N/A|Mainframe Storage Services|Resiliency and Storage Services|Michal Strus|Michal Strus|Activities merged with MVS and DB
IBM CIC  -  Poland|IBM Global Services Delivery Centre Polska Sp. z o.o. |ul. Muchoborska 8 54-424 Wroclaw|Poland|Yes|N/A|N/A|Mainframe Platform|Mainframe Services|Michal Strus|Michal Strus|
IBM CIC  -  Poland|IBM Global Services Delivery Centre Polska Sp. z o.o. |ul. Muchoborska 8 54-424 Wroclaw|Poland|Yes|N/A|N/A|Mainframe MW&DB|Mainframe Services|Michal Strus|Michal Strus|
IBM CIC  -  Poland|IBM Global Services Delivery Centre Polska Sp. z o.o. |ul. Muchoborska 8 54-424 Wroclaw|Poland|Yes|N/A|N/A|System Operations - Mainframe|Mainframe Services|Michal Strus|Michal Strus|
IBM CIC  -  Poland|IBM Global Services Delivery Centre Polska Sp. z o.o. |ul. Muchoborska 8 54-424 Wroclaw|Poland|Yes|N/A|N/A|WSS-Service Desk|Digital Workplace Services|Ilona Standa|Ilona Standa|
IBM CIC  -  Poland|IBM Global Services Delivery Centre Polska Sp. z o.o. |ul. Muchoborska 8 54-424 Wroclaw|Poland|Yes|N/A|N/A|Hybrid Cloud|Integrated Managed Infrastructure|Tomasz Pieruszka|Tomasz Pieruszka|
IBM CIC  -  Poland|IBM Global Services Delivery Centre Polska Sp. z o.o. |ul. Muchoborska 8 54-424 Wroclaw|Poland|Yes|N/A|N/A|Private Cloud|Integrated Managed Infrastructure|Tomasz Pieruszka|Tomasz Pieruszka|
IBM CIC  -  Poland|IBM Global Services Delivery Centre Polska Sp. z o.o. |ul. Muchoborska 8 54-424 Wroclaw|Poland|Yes|N/A|N/A|Public Cloud|Integrated Managed Infrastructure|Tomasz Pieruszka|Tomasz Pieruszka|
IBM CIC  -  Poland|IBM Global Services Delivery Centre Polska Sp. z o.o. |ul. Muchoborska 8 54-424 Wroclaw|Poland|Yes|N/A|N/A|Advanced Cloud & Hub Enablement|Integrated Managed Infrastructure|Tomasz Pieruszka|Tomasz Pieruszka|
IBM CIC  -  Poland|IBM Global Services Delivery Centre Polska Sp. z o.o. |ul. Muchoborska 8 54-424 Wroclaw|Poland|Yes|N/A|N/A|Hybrid Services Technology|Hybrid Service Management|Massimo Zannori||Service Area Contact in CIC Poland: Tomasz Maciejewski
IBM CIC  -  Poland|IBM Global Services Delivery Centre Polska Sp. z o.o. |ul. Muchoborska 8 54-424 Wroclaw|Poland|Yes|N/A|N/A|Architecture and Technical Solution Development organization|Technology Innovation & Automation|Service Area Contact in CIC Poland: Leszek Cygan||Service Area Contact in CIC Poland: Leszek Cygan
IBM CIC  -  Poland|IBM Global Services Delivery Centre Polska Sp. z o.o. |ul. Muchoborska 8 54-424 Wroclaw|Poland|Yes|N/A|N/A|Client Management|Client Management|Cesar Garcia|Ewa Maleszka-Pabian|
IBM CIC  -  Poland|IBM Global Services Delivery Centre Polska Sp. z o.o. |ul. Muchoborska 8 54-424 Wroclaw|Poland|Yes|N/A|N/A|Firewall Management|IBM Security - Managed Security Services|Adrian Tutaj|Adrian Tutaj|
IBM CIC  -  Poland|IBM Global Services Delivery Centre Polska Sp. z o.o. |ul. Muchoborska 8 54-424 Wroclaw|Poland|Yes|N/A|N/A|Intrusion Detection and Prevention System Mgmt|IBM Security - Managed Security Services|Adrian Tutaj|Adrian Tutaj|
IBM CIC  -  Poland|IBM Global Services Delivery Centre Polska Sp. z o.o. |ul. Muchoborska 8 54-424 Wroclaw|Poland|Yes|N/A|N/A|Intelligent Log Management|IBM Security - Managed Security Services|Adrian Tutaj|Adrian Tutaj|
IBM CIC  -  Poland|IBM Global Services Delivery Centre Polska Sp. z o.o. |ul. Muchoborska 8 54-424 Wroclaw|Poland|Yes|N/A|N/A|Intelligent Security Monitoring|IBM Security - Managed Security Services|Adrian Tutaj|Adrian Tutaj|
IBM CIC  -  Poland|IBM Global Services Delivery Centre Polska Sp. z o.o. |ul. Muchoborska 8 54-424 Wroclaw|Poland|Yes|N/A|N/A|Managed Security Information and Event Mgmt|IBM Security - Managed Security Services|Adrian Tutaj|Adrian Tutaj|
IBM CIC  -  Poland|IBM Global Services Delivery Centre Polska Sp. z o.o. |ul. Muchoborska 8 54-424 Wroclaw|Poland|Yes|N/A|N/A|Managed Web Defense|IBM Security - Managed Security Services|Adrian Tutaj|Adrian Tutaj|
IBM CIC  -  Poland|IBM Global Services Delivery Centre Polska Sp. z o.o. |ul. Muchoborska 8 54-424 Wroclaw|Poland|Yes|N/A|N/A|SD-WAN delivered via the MSS backend / XPS|IBM Security - Managed Security Services|Adrian Tutaj|Adrian Tutaj|
IBM CIC  -  Poland|IBM Global Services Delivery Centre Polska Sp. z o.o. |ul. Muchoborska 8 54-424 Wroclaw|Poland|Yes|N/A|N/A|Secure Web Gateway Management|IBM Security - Managed Security Services|Adrian Tutaj|Adrian Tutaj|
IBM CIC  -  Poland|IBM Global Services Delivery Centre Polska Sp. z o.o. |ul. Muchoborska 8 54-424 Wroclaw|Poland|Yes|N/A|N/A|Server Workload Protection (SWP)|IBM Security - Managed Security Services|Adrian Tutaj|Adrian Tutaj|
IBM CIC  -  Poland|IBM Global Services Delivery Centre Polska Sp. z o.o. |ul. Muchoborska 8 54-424 Wroclaw|Poland|Yes|N/A|N/A|Unified Threat Management|IBM Security - Managed Security Services|Adrian Tutaj|Adrian Tutaj|
IBM CIC  -  Poland|IBM Global Services Delivery Centre Polska Sp. z o.o. |ul. Muchoborska 8 54-424 Wroclaw|Poland|Yes|N/A|N/A|Vulnerability Management Scanning (VMS)|IBM Security - Managed Security Services|Adrian Tutaj|Adrian Tutaj|
IBM CIC  -  Poland|IBM Global Services Delivery Centre Polska Sp. z o.o. |ul. Muchoborska 8 54-424 Wroclaw|Poland|Yes|N/A|N/A|Architecture and Technical Solution Development organization|IBM Security|Adrian Tutaj|Adrian Tutaj|
IBM CIC  -  Poland|IBM Global Services Delivery Centre Polska Sp. z o.o. |ul. Muchoborska 8 54-424 Wroclaw|Poland|Yes|N/A|N/A|Software Development|IBM Security - Managed Security Services|Adrian Tutaj|Adrian Tutaj|
IBM CIC  -  Poland|IBM Global Services Delivery Centre Polska Sp. z o.o. |ul. Muchoborska 8 54-424 Wroclaw|Poland|Yes|N/A|N/A|MSS Infrastructure maintenance and development|IBM Security - Managed Security Services|Adrian Tutaj|Adrian Tutaj|
IBM CIC  -  Poland|IBM Global Services Delivery Centre Polska Sp. z o.o. |ul. Muchoborska 8 54-424 Wroclaw|Poland|Yes|N/A|N/A|Project Management Office|IBM Security - Managed Security Services|Adrian Tutaj|Adrian Tutaj|
IBM CIC  -  Poland|IBM Global Services Delivery Centre Polska Sp. z o.o. |ul. Muchoborska 8 54-424 Wroclaw|Poland|Yes|N/A|N/A|MSS services deployment|IBM Security - Managed Security Services|Adrian Tutaj|Adrian Tutaj|
IBM CIC  -  Poland|IBM Global Services Delivery Centre Polska Sp. z o.o. |ul. Muchoborska 8 54-424 Wroclaw|Poland|Yes|N/A|N/A|Security Services Management|IBM Security - Managed Security Services|Adrian Tutaj|Adrian Tutaj|
IBM CIC  -  Poland|IBM Global Services Delivery Centre Polska Sp. z o.o. |ul. Muchoborska 8 54-424 Wroclaw|Poland|Yes|N/A|N/A|Managed Security Information and Event Mgmt|IBM Security - EU MSS|Adrian Tutaj|Adrian Tutaj|
IBM CIC  -  Poland|IBM Global Services Delivery Centre Polska Sp. z o.o. |ul. Muchoborska 8 54-424 Wroclaw|Poland|Yes|N/A|N/A|RFS Delivery|Geo Delivery|Aleksandra Durzynska-Prochowska|Aleksandra Durzynska-Prochowska|
IBM CIC  -  Poland|IBM Global Services Delivery Centre Polska Sp. z o.o. |ul. Muchoborska 8 54-424 Wroclaw|Poland|Yes|N/A|N/A|System Operations - Mainframe|Mainframe Services|Rafal Juraszek|Krzysztof Kogut|
IBM CIC  -  Poland|IBM Global Services Delivery Centre Polska Sp. z o.o. |ul. Muchoborska 8 54-424 Wroclaw|Poland|Yes|N/A|N/A|Integrated Service Management|Hybrid Service Management|Grzegorz Muzyka|Grzegorz Muzyka|
IBM CIC  -  Poland|IBM Global Services Delivery Centre Polska Sp. z o.o. |ul. Muchoborska 8 54-424 Wroclaw|Poland|Yes|N/A|N/A|Continual Service Improvement|Service Excellence|Grzegorz Muzyka|Grzegorz Muzyka|
IBM CIC  -  Poland|IBM Global Services Delivery Centre Polska Sp. z o.o. |ul. Muchoborska 8 54-424 Wroclaw|Poland|Yes|N/A|N/A|Distributed – Unix/Linux|Compute|Joanna Woldan|Krzysztof Kogut|
IBM CIC  -  Poland|IBM Global Services Delivery Centre Polska Sp. z o.o. |ul. Muchoborska 8 54-424 Wroclaw|Poland|Yes|N/A|N/A|Integrated Service Management|Hybrid Service Management|Dawid Dryzalowski|Krzysztof Kogut|
IBM CIC  -  Poland|IBM Global Services Delivery Centre Polska Sp. z o.o. |ul. Muchoborska 8 54-424 Wroclaw|Poland|Yes|N/A|N/A|Distributed-Middleware|Compute|Joanna Woldan|Krzysztof Kogut|
IBM CIC  -  Poland|IBM Global Services Delivery Centre Polska Sp. z o.o. |ul. Muchoborska 8 54-424 Wroclaw|Poland|Yes|N/A|N/A|Identity And Access Management|IBM Security|Adam Kupka|Krzysztof Kogut|
IBM CIC  -  Poland|IBM Global Services Delivery Centre Polska Sp. z o.o. |ul. Muchoborska 8 54-424 Wroclaw|Poland|Yes|N/A|N/A|Distributed - Wintel|Compute|Stanislaw Ciesla|Szymon Zimonczyk|Allianz
IBM CIC  -  Poland|IBM Global Services Delivery Centre Polska Sp. z o.o. |ul. Muchoborska 8 54-424 Wroclaw|Poland|Yes|N/A|N/A|Distributed – VMWare/Citrix|Compute|Stanislaw Ciesla|Szymon Zimonczyk|Allianz
IBM CIC  -  Poland|IBM Global Services Delivery Centre Polska Sp. z o.o. |ul. Muchoborska 8 54-424 Wroclaw|Poland|Yes|N/A|N/A|Distributed – Unix/Linux|Compute|Stanislaw Ciesla|Szymon Zimonczyk|Allianz
IBM CIC  -  Poland|IBM Global Services Delivery Centre Polska Sp. z o.o. |ul. Muchoborska 8 54-424 Wroclaw|Poland|Yes|N/A|N/A|Distributed – Other/Complex|Compute|Stanislaw Ciesla|Szymon Zimonczyk|Allianz
IBM CIC  -  Poland|IBM Global Services Delivery Centre Polska Sp. z o.o. |ul. Muchoborska 8 54-424 Wroclaw|Poland|Yes|N/A|N/A|System Operations - Distributed|Compute|Stanislaw Ciesla|Szymon Zimonczyk|Allianz
IBM CIC  -  Poland|IBM Global Services Delivery Centre Polska Sp. z o.o. |ul. Muchoborska 8 54-424 Wroclaw|Poland|Yes|N/A|N/A|Server Build|Compute|Stanislaw Ciesla|Jaroslaw Piotrowski|Allianz
IBM CIC  -  Poland|IBM Global Services Delivery Centre Polska Sp. z o.o. |ul. Muchoborska 8 54-424 Wroclaw|Poland|Yes|N/A|N/A|Distributed Database|Compute|Stanislaw Ciesla|Renato Alves|Allianz
IBM CIC  -  Poland|IBM Global Services Delivery Centre Polska Sp. z o.o. |ul. Muchoborska 8 54-424 Wroclaw|Poland|Yes|N/A|N/A|Distributed Middleware|Compute|Stanislaw Ciesla|Renato Alves|Allianz
IBM CIC  -  Poland|IBM Global Services Delivery Centre Polska Sp. z o.o. |ul. Muchoborska 8 54-424 Wroclaw|Poland|Yes|N/A|N/A|Email & Collaboration|Compute|Stanislaw Ciesla|Pawel Przeliorz|Allianz
IBM CIC  -  Poland|IBM Global Services Delivery Centre Polska Sp. z o.o. |ul. Muchoborska 8 54-424 Wroclaw|Poland|Yes|N/A|N/A|Backup as a Service|Resiliency and Storage Services|Dominik Wacior|Szymon Zimonczyk|Allianz
IBM CIC  -  Poland|IBM Global Services Delivery Centre Polska Sp. z o.o. |ul. Muchoborska 8 54-424 Wroclaw|Poland|Yes|N/A|N/A|Distributed Storage Services|Resiliency and Storage Services|Dominik Wacior|Szymon Zimonczyk|Allianz
IBM CIC  -  Poland|IBM Global Services Delivery Centre Polska Sp. z o.o. |ul. Muchoborska 8 54-424 Wroclaw|Poland|Yes|N/A|N/A|System Operations - Mainframe|Mainframe Services|Michal Strus|Bartlomiej Dul|Allianz
IBM CIC  -  Poland|IBM Global Services Delivery Centre Polska Sp. z o.o. |ul. Muchoborska 8 54-424 Wroclaw|Poland|Yes|N/A|N/A|Managed LAN Service|Network Services|Mariusz Swietochowski|Jacek Wieski|Allianz
IBM CIC  -  Poland|IBM Global Services Delivery Centre Polska Sp. z o.o. |ul. Muchoborska 8 54-424 Wroclaw|Poland|Yes|N/A|N/A|Data Center Operations|Infrastructure Support & Data Center Services|marcin.spiewak@pl.ibm.com||Allianz
IBM CIC  -  Poland|IBM Global Services Delivery Centre Polska Sp. z o.o. |ul. Muchoborska 8 54-424 Wroclaw|Poland|Yes|N/A|N/A|Hybrid Services Technology|Hybrid Service Management|Tomasz Maciejewski|Agnieszka Boryczko|Allianz
IBM CIC  -  Poland|IBM Global Services Delivery Centre Polska Sp. z o.o. |ul. Muchoborska 8 54-424 Wroclaw|Poland|Yes|N/A|N/A|Network Connectivity Managed Services|Network Services|Mariusz Swietochowski|Szymon Zimonczyk|Allianz
IBM CIC  -  Poland|IBM Global Services Delivery Centre Polska Sp. z o.o. |ul. Muchoborska 8 54-424 Wroclaw|Poland|Yes|N/A|N/A|Network Data Services|Network Services|Mariusz Swietochowski|Szymon Zimonczyk|Allianz
IBM CIC  -  Poland|IBM Global Services Delivery Centre Polska Sp. z o.o. |ul. Muchoborska 8 54-424 Wroclaw|Poland|Yes|N/A|N/A|Workload Migration Services|Cloud Migration Factory|Leszek Cygan|Szymon Zimonczyk|Allianz
IBM CIC  -  Poland|IBM Global Services Delivery Centre Polska Sp. z o.o. |ul. Muchoborska 8 54-424 Wroclaw|Poland|Yes|N/A|N/A|System Operations - iSeries|Mainframe Services|Michal Strus|Michal Strus|
IBM CIC  -  Poland|IBM Global Services Delivery Centre Polska Sp. z o.o. |ul. Muchoborska 8 54-424 Wroclaw|Poland|Yes|N/A|N/A|iSeries|Mainframe Services|Michal Strus|Michal Strus|
IBM CIC  -  Poland|IBM Global Services Delivery Centre Polska Sp. z o.o. |ul. Muchoborska 8 54-424 Wroclaw|Poland|Yes|N/A|N/A|Backup as a Service|Resiliency and Storage Services|Steven Pantridge|Dominik Wacior|
IBM CIC  -  Poland|IBM Global Services Delivery Centre Polska Sp. z o.o. |ul. Muchoborska 8 54-424 Wroclaw|Poland|Yes|N/A|N/A|Disaster Recovery as a Service|Resiliency and Storage Services|Ronal Thompson|Dominik Wacior|
IBM CIC  -  Poland|IBM Global Services Delivery Centre Polska Sp. z o.o. |ul. Muchoborska 8 54-424 Wroclaw|Poland|Yes|N/A|N/A|Distributed Storage Services|Resiliency and Storage Services|N/A|Dominik Wacior|Still not in my scope (feedback has to be delivered by Distributed team)
IBM CIC  -  Poland|IBM Global Services Delivery Centre Polska Sp. z o.o. |ul. Muchoborska 8 54-424 Wroclaw|Poland|Yes|N/A|N/A|Mainframe Storage Services|Resiliency and Storage Services|Francesco Silveri|Dominik Wacior|Still not in my scope (feedback has to be delivered by Michal Strus)
IBM CIC  -  Poland|IBM Global Services Delivery Centre Polska Sp. z o.o. |ul. Muchoborska 8 54-424 Wroclaw|Poland|Yes|N/A|N/A|Resiliency & Storage Project Services|Resiliency and Storage Services|Dominik Wacior|Dominik Wacior|
IBM CIC  -  Poland|IBM Global Services Delivery Centre Polska Sp. z o.o. |ul. Muchoborska 8 54-424 Wroclaw|Poland|Yes|N/A|N/A|Workplace Modernization Services|Digital Workplace Services|Mariusz Swietochowski|Mariusz Swietochowski|FLMs: Maciej Stanek/Barbara Bujko/Lukasz Lenard/Przemyslaw Niedzwinski/Witold Grzelczak/Magdalena Fischer/Wojciech Rak/Elzbieta Ciesla
IBM CIC  -  Poland|IBM Global Services Delivery Centre Polska Sp. z o.o. |ul. Muchoborska 8 54-424 Wroclaw|Poland|Yes|N/A|N/A|Network Project Services|Network Services|Mariusz Swietochowski|Mariusz Swietochowski|FLM: Aleksandra Pura
IBM CIC  -  Poland|IBM Global Services Delivery Centre Polska Sp. z o.o. |ul. Muchoborska 8 54-424 Wroclaw|Poland|Yes|N/A|N/A|Managed WAN|Network Services|Mariusz Swietochowski|Mariusz Swietochowski|FLM: Aleksandra Pura
IBM CIC  -  Poland|IBM Global Services Delivery Centre Polska Sp. z o.o. |ul. Muchoborska 8 54-424 Wroclaw|Poland|Yes|N/A|N/A|Managed LAN Service|Network Services|Mariusz Swietochowski|Mariusz Swietochowski|FLM: Aleksandra Pura
IBM CIC  -  Poland|IBM Global Services Delivery Centre Polska Sp. z o.o. |ul. Muchoborska 8 54-424 Wroclaw|Poland|Yes|N/A|N/A|Managed Network Security Service|Network Services|Mariusz Swietochowski|Mariusz Swietochowski|FLM: Aleksandra Pura
IBM CIC  -  EGYPT|IBM World Trade Corp. GTS Cairo Wss-SD Center|Kilo 28 Cairo Alexandria Desert Road Smart Village Building B145 2nd Floor|EGYPT|Yes|N/A|N/A|WSS-Service Desk|Digital Workplace Services|Michael Guerinot/Buffalo/IBM||
