procurement_vendor	supplier_name	address_country	service_area	subcontract_vendor	identify_customer	iot	iot
705	APTEC DISTRIBUTION FZ LLC	UNITED ARAB EMIRATES	B  -  SITE MAINTENANCE	(blank)	CLEVELAND CLINIC   LIW	GULF AND LEVANT	MEA
1208	KARE BILGISAYAR ILETISIM SISTEMLERI	TURKEY	B  -  SITE MAINTENANCE	(blank)	BKM	TUR	MEA
20363	EGYPT EXPRESS	EGYPT	B  -  SITE MAINTENANCE	(blank)	All Customers	EGYPT	MEA
9321	HSG ZANDER GMBH	AUSTRIA	B  -  SITE MAINTENANCE	(blank)	All Customers	DACH	EUROPE
9321	HSG ZANDER GMBH	AUSTRIA	B  -  SITE MAINTENANCE	(blank)	Bawag P.S.K. Bank	DACH	EUROPE
9321	HSG ZANDER GMBH	AUSTRIA	B  -  SITE MAINTENANCE	(blank)	Rechenzentrum der Stad	DACH	EUROPE
110	IBM Polska Sp. z o.o.	ul. Krakowiaków 32, , 02-255, 02-255 Warszawa,  Poland	Data Center Management 	(blank)	All Customers	CEE	EUROPE
110	IBM Polska Sp. z o.o.	ul. Krakowiaków 32, , 02-255, 02-255 Warszawa,  Poland	Data Center Management 	(blank)	ESERVICE SP.Z O.O.	CEE	EUROPE
110	IBM Polska Sp. z o.o.	ul. Krakowiaków 32, , 02-255, 02-255 Warszawa,  Poland	Data Center Management 	(blank)	NORDEA BANK AB LITHUAN	CEE	EUROPE
110	IBM Polska Sp. z o.o.	ul. Krakowiaków 32, , 02-255, 02-255 Warszawa,  Poland	Data Center Management 	(blank)	NORDEA BANK AB SA	CEE	EUROPE
295667000	GLOBAL SWITCH PROPERTY AUSTRALIA PT	AUSTRALIA	F1  -  COLOCATION  -  	(blank)	All Customers	ANZ	AP
34289	OCTALLY INTEGRATION LTD	ISRAEL	B  -  SITE MAINTENANCE	(blank)	All Customers	SPGI	EUROPE
91766	COLT TECHNOLOGY SERVICES CO., LTD.	JAPAN	F1  -  COLOCATION  -  	(blank)	All Customers	JPN	JN
91943	SUMITOMO REALTY & DEVELOPMENT CO.,L	JAPAN	B  -  SITE MAINTENANCE	(blank)	DEUTSCHEBANKREALESTATE	JPN	JN
92469	TAKUNAN SHOJI	JAPAN	G  -  ENVIRONMENTAL  -	(blank)	All Customers	JPN	JN
93112	EQUINIX JAPAN K.K.	JAPAN	F1  -  COLOCATION  -  	(blank)	All Customers	JPN	JN
93112	EQUINIX JAPAN K.K.	JAPAN	F1  -  COLOCATION  -  	(blank)	TMC HINSHITSUHOSHO	JPN	JN
93112	EQUINIX JAPAN K.K.	JAPAN	F1  -  COLOCATION  -  	(blank)	TOYOTAINFOTECHNOLOGYCE	JPN	JN
94063	KOBELCO BUSINESS SUPPORT K.K.	JAPAN	G  -  ENVIRONMENTAL  -	(blank)	All Customers	JPN	JN
94283	SANKO CO.,LTD	JAPAN	G  -  ENVIRONMENTAL  -	(blank)	All Customers	JPN	JN
95234	FUJI ELECTRIC CO., LTD.	JAPAN	B  -  SITE MAINTENANCE	(blank)	All Customers	JPN	JN
96419	SCSK CORPORATION (EX-CSK      CORPO	JAPAN	F1  -  COLOCATION  -  	(blank)	All Customers	JPN	JN
96449	ICHIKAWA KANKYO ENGINEERING    CO.,	JAPAN	G  -  ENVIRONMENTAL  -	(blank)	All Customers	JPN	JN
96449	ICHIKAWA KANKYO ENGINEERING    CO.,	JAPAN	G  -  ENVIRONMENTAL  -	(blank)	ECOOD FTP	JPN	JN
96449	ICHIKAWA KANKYO ENGINEERING    CO.,	JAPAN	G  -  ENVIRONMENTAL  -	(blank)	JPSOL  OIO	JPN	JN
96449	ICHIKAWA KANKYO ENGINEERING    CO.,	JAPAN	G  -  ENVIRONMENTAL  -	(blank)	SHS	JPN	JN
96484	JONES LANG LASALLE K.K	JAPAN	B  -  SITE MAINTENANCE	(blank)	All Customers	JPN	JN
96484	JONES LANG LASALLE K.K	JAPAN	B  -  SITE MAINTENANCE	(blank)	CC	JPN	JN
96484	JONES LANG LASALLE K.K	JAPAN	B  -  SITE MAINTENANCE	(blank)	CSL	JPN	JN
96484	JONES LANG LASALLE K.K	JAPAN	B  -  SITE MAINTENANCE	(blank)	FACILITY CONTROL	JPN	JN
96484	JONES LANG LASALLE K.K	JAPAN	B  -  SITE MAINTENANCE	(blank)	FIN COMMON DUMMY	JPN	JN
96484	JONES LANG LASALLE K.K	JAPAN	B  -  SITE MAINTENANCE	(blank)	IBM DC MGMT MK	JPN	JN
96484	JONES LANG LASALLE K.K	JAPAN	B  -  SITE MAINTENANCE	(blank)	IBM DC MGMT ONA	JPN	JN
96484	JONES LANG LASALLE K.K	JAPAN	B  -  SITE MAINTENANCE	(blank)	IBM DC MGMT SG	JPN	JN
96484	JONES LANG LASALLE K.K	JAPAN	B  -  SITE MAINTENANCE	(blank)	JACCS               DP	JPN	JN
96484	JONES LANG LASALLE K.K	JAPAN	B  -  SITE MAINTENANCE	(blank)	SENDAI CIC	JPN	JN
96484	JONES LANG LASALLE K.K	JAPAN	B  -  SITE MAINTENANCE	(blank)	SENDAI TC	JPN	JN
96500	AT TOKYO CORPORATION	JAPAN	F1  -  COLOCATION  -  	(blank)	All Customers	JPN	JN
98421	NOMURA KOHSAN CO.LTD	JAPAN	G  -  ENVIRONMENTAL  -	(blank)	All Customers	JPN	JN
98893	NOMURA REAL ESTATE PARTNERS CO., LT	JAPAN	B  -  SITE MAINTENANCE	(blank)	All Customers	JPN	JN
1000002153	CBRE GWS LIMITED	UNITED KINGDOM	B  -  SITE MAINTENANCE	(blank)	All Customers	UKI	EUROPE
100000506	SCHNEIDER ELECTRIC SERVICES TUNISIE	TUNISIA	B  -  SITE MAINTENANCE	(blank)	All Customers	NORTH AFRICA	MEA
1000018437	APLEONA HSG ITS GMBH	GERMANY	B  -  SITE MAINTENANCE	(blank)	All Customers	DACH	EUROPE
1000021084	SYNERGY	FRANCE	B  -  SITE MAINTENANCE	(blank)	All Customers	FRANCE	EUROPE
1000023289	WESCO INTERGRATE SUPPLIES	UNITED STATES	B  -  SITE MAINTENANCE	(blank)	HOLDER HUNT RUS	US	US
1000023715	ENGIE COFELY	FRANCE	B  -  SITE MAINTENANCE	(blank)	All Customers	FRANCE	EUROPE
1000023715	ENGIE COFELY	FRANCE	B  -  SITE MAINTENANCE	(blank)	BNP PARIBAS SECURIT D3	FRANCE	EUROPE
1000023715	ENGIE COFELY	FRANCE	B  -  SITE MAINTENANCE	(blank)	SOCIETE GENERALE11  D3	FRANCE	EUROPE
1000024967	ACXIOM LIMITED	UNITED KINGDOM	F1  -  COLOCATION  -  	(blank)	All Customers	UKI	EUROPE
1000025564	SOCOTEC FRANCE	FRANCE	B  -  SITE MAINTENANCE	(blank)	All Customers	FRANCE	EUROPE
1000032476	CBRE GWS SRL	ITALY	B  -  SITE MAINTENANCE	(blank)	All Customers	ITALY	EUROPE
1000036252	COFELY ESPANA SAU	SPAIN	B  -  SITE MAINTENANCE	(blank)	All Customers	SPGI	EUROPE
1000056022	PROLOGIST AG	SWITZERLAND	B  -  SITE MAINTENANCE	(blank)	All Customers	DACH	EUROPE
1000064867	FLUOR FACILITY & PLANT SERVICES INC	UNITED STATES	B  -  SITE MAINTENANCE	(blank)	All Customers	US	US
1000073396	CBRE CORPORATE OUTSOURCING APS	DENMARK	B  -  SITE MAINTENANCE	(blank)	All Customers	NORDIC	EUROPE
1000074558	CBRE GWS FINLAND OY	FINLAND	B  -  SITE MAINTENANCE	(blank)	All Customers	NORDIC	EUROPE
1000074911	EQUINIX FINLAND OY	FINLAND	F1  -  COLOCATION  -  	(blank)	QVANTEL FINLAND OY DSW	NORDIC	EUROPE
1000076416	CBRE CORPORATE OUTSOURCING AS	NORWAY	B  -  SITE MAINTENANCE	(blank)	All Customers	NORDIC	EUROPE
1000080288	VODACOM SERVICE PROVIDER COMPANY	SOUTH AFRICA	F1  -  COLOCATION  -  	(blank)	All Customers	SOUTH AFRICA	MEA
1000085663	CBRE GWS SWEDEN AB	SWEDEN	B  -  SITE MAINTENANCE	(blank)	All Customers	NORDIC	EUROPE
1000090185	PYRAMID BUILDING MAINTENANCE	UNITED STATES	B  -  SITE MAINTENANCE	(blank)	All Customers	US	US
1000093059	FLUOR FACILITY & PLANT SERVICES INC	UNITED STATES	B  -  SITE MAINTENANCE	(blank)	All Customers	US	US
1000093781	MEDIA RECOVERY INC	UNITED STATES	G  -  ENVIRONMENTAL  -	(blank)	All Customers	US	US
1000093781	MEDIA RECOVERY INC	UNITED STATES	G  -  ENVIRONMENTAL  -	(blank)	AK STEEL	US	US
1000093781	MEDIA RECOVERY INC	UNITED STATES	G  -  ENVIRONMENTAL  -	(blank)	AMERIPRSE FIN	US	US
1000093781	MEDIA RECOVERY INC	UNITED STATES	G  -  ENVIRONMENTAL  -	(blank)	AVIS BUDG CAR R	US	US
1000093781	MEDIA RECOVERY INC	UNITED STATES	G  -  ENVIRONMENTAL  -	(blank)	EDGE	US	US
1000093781	MEDIA RECOVERY INC	UNITED STATES	G  -  ENVIRONMENTAL  -	(blank)	VIEWPO ARCH SV	US	US
1000094528	AT&T GLOBAL NETWORK SERVICES	NETHERLANDS	F1  -  COLOCATION  -  	(blank)	All Customers	BENELUX	EUROPE
1000095646	SUNGARD AVAILABILITY SERVICES LP	UNITED STATES	F1  -  COLOCATION  -  	(blank)	All Customers	US	US
1000095646	SUNGARD AVAILABILITY SERVICES LP	UNITED STATES	F1  -  COLOCATION  -  	(blank)	WPP GROU USA	US	US
1000097195	NEW CENTURY SERVICES INC	UNITED STATES	B  -  SITE MAINTENANCE	(blank)	SHERATON CORP	US	US
1000110499	GOVERNMENT CONTRACTING SPECIALISTS	UNITED STATES	B  -  SITE MAINTENANCE	(blank)	COL PIPE GRO SV	US	US
1000112422	CBRE INC	UNITED STATES	B  -  SITE MAINTENANCE	(blank)	ST OH	US	US
1000120132	VEOLIA ENVIRONMENTAL SERVICES	UNITED STATES	G  -  ENVIRONMENTAL  -	(blank)	All Customers	US	US
1000122568	AMERICAN EAGLE SYSTEMS INC	UNITED STATES	G  -  ENVIRONMENTAL  -	(blank)	All Customers	US	US
1000129958	AT & T GLOBAL NETWORK SERVICES	FRANCE	F1  -  COLOCATION  -  	(blank)	All Customers	FRANCE	EUROPE
1000130068	SCHNEIDER ELECTRIC IT MISSION	UNITED STATES	B  -  SITE MAINTENANCE	(blank)	All Customers	US	US
1000181145	QWEST COMMUNICATIONS INTERNATIONAL	UNITED STATES	F1  -  COLOCATION  -  	(blank)	LSG SKY CHEFS	US	US
1000192424	EQUINIX INC	GERMANY	F1  -  COLOCATION  -  	(blank)	DE00170012-127959	DACH	EUROPE
1000192424	EQUINIX INC	FRANCE	F1  -  COLOCATION  -  	(blank)	All Customers	FRANCE	EUROPE
1000192424	EQUINIX INC	UNITED STATES	F1  -  COLOCATION  -  	(blank)	All Customers	US	US
1000192424	EQUINIX INC	UNITED STATES	F1  -  COLOCATION  -  	(blank)	DOW CHEM COMP	US	US
1000192424	EQUINIX INC	UNITED STATES	F1  -  COLOCATION  -  	(blank)	HUMANA	US	US
1000192424	EQUINIX INC	UNITED STATES	F1  -  COLOCATION  -  	(blank)	MOBILE MINI	US	US
1000192424	EQUINIX INC	UNITED STATES	F1  -  COLOCATION  -  	(blank)	PEROXY LLC	US	US
1000192424	EQUINIX INC	UNITED STATES	F1  -  COLOCATION  -  	(blank)	VANDER UNIV MED	US	US
1000195612	AT&T	UNITED STATES	F1  -  COLOCATION  -  	(blank)	All Customers	US	US
1000195612	AT&T	UNITED STATES	F1  -  COLOCATION  -  	(blank)	ST ARIZ MOT VEH	US	US
1000197058	IRON MOUNTAIN OFF SITE DATA	UNITED STATES	G  -  ENVIRONMENTAL  -	(blank)	All Customers	US	US
1000197058	IRON MOUNTAIN OFF SITE DATA	UNITED STATES	G  -  ENVIRONMENTAL  -	(blank)	HEALTH NET	US	US
1000197058	IRON MOUNTAIN OFF SITE DATA	UNITED STATES	G  -  ENVIRONMENTAL  -	(blank)	PEARSO EDUCATIO	US	US
1000206916	EQUINIX GERMANY GMBH	GERMANY	F1  -  COLOCATION  -  	(blank)	DE01200586-369439	DACH	EUROPE
1000206916	EQUINIX GERMANY GMBH	GERMANY	F1  -  COLOCATION  -  	(blank)	DE01200586-369439	DACH	EUROPE
1000226702	ORANGE	FRANCE	F1  -  COLOCATION  -  	(blank)	All Customers	FRANCE	EUROPE
1000252289	INTERXION IRELAND LIMITED	IRELAND	F1  -  COLOCATION  -  	(blank)	All Customers	UKI	EUROPE
1000268242	SERVECENTRIC	IRELAND	F1  -  COLOCATION  -  	(blank)	All Customers	UKI	EUROPE
1000268242	SERVECENTRIC	IRELAND	F1  -  COLOCATION  -  	(blank)	OMNIPAY LIMITED	UKI	EUROPE
1000268242	SERVECENTRIC	IRELAND	F1  -  COLOCATION  -  	(blank)	PIONEER INVESTMENT MAN	UKI	EUROPE
1000291485	IRON MOUNTAIN IRELAND LTD	IRELAND	G  -  ENVIRONMENTAL  -	(blank)	All Customers	UKI	EUROPE
1000291485	IRON MOUNTAIN IRELAND LTD	IRELAND	G  -  ENVIRONMENTAL  -	(blank)	ROYAL AND SUN ALLIANCE	UKI	EUROPE
1000296498	RAGINGWIRE ENTERPRISE SOLUTIONS INC	UNITED STATES	F1  -  COLOCATION  -  	(blank)	CADENC DESI SYS	US	US
1000306842	JONES LANG LASALLE PROPERTY CONSULT	SINGAPORE	B  -  SITE MAINTENANCE	(blank)	All Customers	ASE	AP
1000306842	JONES LANG LASALLE PROPERTY CONSULT	SINGAPORE	B  -  SITE MAINTENANCE	(blank)	INTEGRATED HEALTH INFORMATION	ASE	AP
1000310999	HLS ELECTRONICS PTE LTD	SINGAPORE	G  -  ENVIRONMENTAL  -	(blank)	AMERICAN EXPRESS INTERNATIONAL	ASE	AP
1000310999	HLS ELECTRONICS PTE LTD	SINGAPORE	G  -  ENVIRONMENTAL  -	(blank)	HTL MANUFACTURING PTE LTD	ASE	AP
1000317426	CBRE GWS FACILITIES MANAGEMENT PTY	SOUTH AFRICA	B  -  SITE MAINTENANCE	(blank)	All Customers	SOUTH AFRICA	MEA
1000327888	DAISY COMMUNICATIONS LIMITED	UNITED KINGDOM	F1  -  COLOCATION  -  	(blank)	All Customers	UKI	EUROPE
1000332256	WASPAR LIMITED	IRELAND	F1  -  COLOCATION  -  	(blank)	All Customers	UKI	EUROPE
1000347854	VIRTU SECURE WEBSERVICES BV	NETHERLANDS	F1  -  COLOCATION  -  	(blank)	SNS	BENELUX	EUROPE
1000347854	VIRTU SECURE WEBSERVICES BV	NETHERLANDS	F1  -  COLOCATION  -  	(blank)	SNS RE	BENELUX	EUROPE
1000348110	EIFFAGE THERMIE ILE DE FRANCE	FRANCE	B  -  SITE MAINTENANCE	(blank)	All Customers	FRANCE	EUROPE
1000349564	SPIE ILE DE FRANCE NORD OUEST	FRANCE	B  -  SITE MAINTENANCE	(blank)	All Customers	FRANCE	EUROPE
1000350195	INTERXION BELGIUM NV	BELGIUM	F1  -  COLOCATION  -  	(blank)	All Customers	BENELUX	EUROPE
1000359086	VERIZON BUSINESS NETWORK SERVICES	UNITED STATES	F1  -  COLOCATION  -  	(blank)	SONY PARK RIDGE	US	US
1000363730	FLUOR ENTERPRISES INC	UNITED STATES	B  -  SITE MAINTENANCE	(blank)	All Customers	US	US
1000363730	FLUOR ENTERPRISES INC	UNITED STATES	B  -  SITE MAINTENANCE	(blank)	CHUBB INA	US	US
1000363730	FLUOR ENTERPRISES INC	UNITED STATES	B  -  SITE MAINTENANCE	(blank)	DFS SV LLC	US	US
1000363730	FLUOR ENTERPRISES INC	UNITED STATES	B  -  SITE MAINTENANCE	(blank)	SIKORS AIRCRAFT	US	US
1000368272	DATA STORAGE SECURITY SRL	ITALY	G  -  ENVIRONMENTAL  -	(blank)	All Customers	ITALY	EUROPE
1000368313	GLOBAL SWITCH PARIS SARL	FRANCE	F1  -  COLOCATION  -  	(blank)	All Customers	FRANCE	EUROPE
1000368313	GLOBAL SWITCH PARIS SARL	FRANCE	F1  -  COLOCATION  -  	(blank)	SG SIEGE VALMY      D2	FRANCE	EUROPE
1000372227	E PARISARAA PRIVATE LIMITED	INDIA	G  -  ENVIRONMENTAL  -	(blank)	AMERICAN EXPRESS PVT LTD	ISA	AP
1000372227	E PARISARAA PRIVATE LIMITED	INDIA	G  -  ENVIRONMENTAL  -	(blank)	FLUOR DANIEL INDIA PRIVATE LIM	ISA	AP
1000372227	E PARISARAA PRIVATE LIMITED	INDIA	G  -  ENVIRONMENTAL  -	(blank)	VODAFONE INDIA LTD	ISA	AP
1000373345	ICOMER	SOUTH KOREA	B  -  SITE MAINTENANCE	(blank)	DAELIM CORPORATION CON. &  INF	KOR	AP
1000373644	EKOLOGIJOS VIZIJA VSI	LITHUANIA	G  -  ENVIRONMENTAL  -	(blank)	All Customers	CEE	EUROPE
1000373971	KEQUN COMPUTER TECHNOLOGY SHANGHAI	CHINA	B  -  SITE MAINTENANCE	(blank)	All Customers	CHR	CH
1000375407	CUMMINS INDIA LIMITED	INDIA	B  -  SITE MAINTENANCE	(blank)	All Customers	ISA	AP
1000375841	ASIA TONE SHANGHAI CO LTD	CHINA	F1  -  COLOCATION  -  	(blank)	All Customers	CHR	CH
1000375841	ASIA TONE SHANGHAI CO LTD	CHINA	F1  -  COLOCATION  -  	(blank)	All Customers	CHR	CH
1000377665	TPS SP Z O O	POLAND	B  -  SITE MAINTENANCE	(blank)	NORDEA BANK AB SA	CEE	EUROPE
1000378718	ITI LIMITED	INDIA	F1  -  COLOCATION  -  	(blank)	All Customers	ISA	AP
1000378718	ITI LIMITED	INDIA	F1  -  COLOCATION  -  	(blank)	GAMMON INDIA LIMITED	ISA	AP
1000378931	NANJING SYNC NEED SYSTEM	CHINA	B  -  SITE MAINTENANCE	(blank)	All Customers	CHR	CH
1000379763	EQUINIX SINGAPORE PTE LTD	BELGIUM	F1  -  COLOCATION  -  	(blank)	All Customers	BENELUX	EUROPE
1000379857	JONES LANG LASALLE MANAGEMENT LIMIT	THAILAND	B  -  SITE MAINTENANCE	(blank)	All Customers	ASE	AP
1000380874	TELECITYGROUP ITALIA SPA	ITALY	F1  -  COLOCATION  -  	(blank)	All Customers	ITALY	EUROPE
1000383231	AR CO	SOUTH KOREA	B  -  SITE MAINTENANCE	(blank)	All Customers	KOR	AP
1000384444	OFFICE DEPOT KOREA LTD	SOUTH KOREA	B  -  SITE MAINTENANCE	(blank)	All Customers	KOR	AP
1000384696	TRIMAX IT INFRASTRUCTURE AND SERVIC	INDIA	F1  -  COLOCATION  -  	(blank)	AEGON RELIGARE LIFE INSURANCE	ISA	AP
1000384696	TRIMAX IT INFRASTRUCTURE AND SERVIC	INDIA	F1  -  COLOCATION  -  	(blank)	DEWAN HOUSING FINANCE CORPORAT	ISA	AP
1000384696	TRIMAX IT INFRASTRUCTURE AND SERVIC	INDIA	F1  -  COLOCATION  -  	(blank)	YAZAKI INDIA LTD	ISA	AP
1000385616	M MOSER DESIGN AND ARCHITECTURE	CHINA	B  -  SITE MAINTENANCE	(blank)	All Customers	CHR	CH
1000385841	SHANGHAI HIGH SOURCE TECHNOLOGY CO	CHINA	B  -  SITE MAINTENANCE	(blank)	All Customers	CHR	CH
1000385877	SHANGHAI JIN YAO ELECTRONIC	CHINA	B  -  SITE MAINTENANCE	(blank)	All Customers	CHR	CH
1000385969	SHANGHAI SPEEDPRO INFORMATION	CHINA	B  -  SITE MAINTENANCE	(blank)	All Customers	CHR	CH
1000385972	SHANGHAI SYMPHONY	CHINA	F1  -  COLOCATION  -  	(blank)	7000000567-826496	CHR	CH
1000387078	SCHNEIDER ELECTRIC KOREA	SOUTH KOREA	B  -  SITE MAINTENANCE	(blank)	HANJIN - S/R(RS/6000)	KOR	AP
1000388356	SIEMENS LIMITED	INDIA	B  -  SITE MAINTENANCE	(blank)	All Customers	ISA	AP
1000388356	SIEMENS LIMITED	INDIA	B  -  SITE MAINTENANCE	(blank)	VODAFONE INDIA LIMITED	ISA	AP
1000389099	VIA WEST INC	UNITED STATES	F1  -  COLOCATION  -  	(blank)	OR DAS	US	US
1000389099	VIA WEST INC	UNITED STATES	F1  -  COLOCATION  -  	(blank)	STANDA INS	US	US
1000389099	VIA WEST INC	UNITED STATES	F1  -  COLOCATION  -  	(blank)	U LAUN ALL LLC	US	US
1000390484	FIRE SOLUTION INDIA PVT LTD	INDIA	B  -  SITE MAINTENANCE	(blank)	BHARTI AIRTEL LIMITED	ISA	AP
1000392983	RIELLO POWER INDIA PRIVATE LIMITED	INDIA	B  -  SITE MAINTENANCE	(blank)	DELHI INTERNATIONAL AIRPORT LI	ISA	AP
1000392988	NEXT GENERATION DATA LTD	UNITED KINGDOM	F1  -  COLOCATION  -  	(blank)	All Customers	UKI	EUROPE
1000396206	COMPRO BUSINESS SERVICES	UNITED STATES	B  -  SITE MAINTENANCE	(blank)	All Customers	US	US
1000396206	COMPRO BUSINESS SERVICES	UNITED STATES	B  -  SITE MAINTENANCE	(blank)	SEARS ROEB &	US	US
1000396206	COMPRO BUSINESS SERVICES	UNITED STATES	B  -  SITE MAINTENANCE	(blank)	ST ARIZ MOT VEH	US	US
1000396206	COMPRO BUSINESS SERVICES	UNITED STATES	F1  -  COLOCATION  -  	(blank)	All Customers	US	US
1000396322	ARDELISYS TECHNOLOGIES PVT LTD	INDIA	B  -  SITE MAINTENANCE	(blank)	All Customers	ISA	AP
1000397606	SWAFE BUSINESS PROCESS MANAGEMENT P	INDIA	B  -  SITE MAINTENANCE	(blank)	All Customers	ISA	AP
1000397606	SWAFE BUSINESS PROCESS MANAGEMENT P	INDIA	B  -  SITE MAINTENANCE	(blank)	VODAFONE SHARED SERVICES LIMIT	ISA	AP
1000398883	SOLUTION ENGINEERING LTD	HONG KONG	B  -  SITE MAINTENANCE	(blank)	All Customers	HKR	CH
1000398883	SOLUTION ENGINEERING LTD	HONG KONG	B  -  SITE MAINTENANCE	(blank)	VF ASIA LIMITED	HKR	CH
1000398998	NETWARE SYSTEMS PVT LTD	INDIA	B  -  SITE MAINTENANCE	(blank)	All Customers	ISA	AP
1000399878	PT SOLUSI MITRA MANDIRI	INDONESIA	B  -  SITE MAINTENANCE	(blank)	PT SIGMA CIPTA CARAKA	ASE	AP
1000402004	METRONODE PTY LTD	AUSTRALIA	F1  -  COLOCATION  -  	(blank)	All Customers	ANZ	AP
1000402004	METRONODE PTY LTD	AUSTRALIA	F1  -  COLOCATION  -  	(blank)	INSURANCE AUSTRALIA LIMITED	ANZ	AP
1000402094	PEAK DATA GROUP HK LTD	TAIWAN	G  -  ENVIRONMENTAL  -	(blank)	AM EXPRESS INT L INC	TWR	CH
1000402378	SPIE AGIS FIRE AND SECURITY SP Z O	POLAND	B  -  SITE MAINTENANCE	(blank)	All Customers	CEE	EUROPE
1000402378	SPIE AGIS FIRE AND SECURITY SP Z O	POLAND	B  -  SITE MAINTENANCE	(blank)	NORDEA BANK AB LATVIA	CEE	EUROPE
1000402378	SPIE AGIS FIRE AND SECURITY SP Z O	POLAND	B  -  SITE MAINTENANCE	(blank)	NORDEA BANK AB SA	CEE	EUROPE
1000402406	SCHNEIDER ELECTRIC PERU SA	PERU	B  -  SITE MAINTENANCE	(blank)	All Customers	SSA	LA
1000402406	SCHNEIDER ELECTRIC PERU SA	PERU	B  -  SITE MAINTENANCE	(blank)	COMP. MINAS BUE	SSA	LA
1000402760	DUBLIN AIRPORT AUTHORITY PLC	IRELAND	F1  -  COLOCATION  -  	(blank)	AER LINGUS PLC	UKI	EUROPE
1000404909	EQUINIX HONG KONG LIMITED	HONG KONG	F1  -  COLOCATION  -  	(blank)	CITYLINE (HONG KONG) LTD	HKR	CH
1000404909	EQUINIX HONG KONG LIMITED	HONG KONG	F1  -  COLOCATION  -  	(blank)	DBS BANK (HONG KONG) LIMITED	HKR	CH
1000404909	EQUINIX HONG KONG LIMITED	HONG KONG	F1  -  COLOCATION  -  	(blank)	SONY ELECTRONICS SINGAPORE PTE	HKR	CH
1000404909	EQUINIX HONG KONG LIMITED	HONG KONG	F1  -  COLOCATION  -  	(blank)	VF ASIA LIMITED	HKR	CH
1000404932	SOLUTION ENGINEERING MACAU LTD	MACAU	B  -  SITE MAINTENANCE	(blank)	All Customers	HKR	CH
1000405300	ANCAR PARKING ESTACIONAMENTOS LTDA	BRAZIL	B  -  SITE MAINTENANCE	(blank)	BNDES	BZL	LA
1000405873	HKCOLO NET LIMITED	HONG KONG	F1  -  COLOCATION  -  	(blank)	All Customers	HKR	CH
1000405874	SCHNEIDER ELECTRIC IT HONG KONG LTD	HONG KONG	B  -  SITE MAINTENANCE	(blank)	All Customers	HKR	CH
1000407884	MITHI INTERIORS PRIVATE LIMITED	INDIA	B  -  SITE MAINTENANCE	(blank)	All Customers	ISA	AP
1000408720	STACK TELECOM	RUSSIA	F1  -  COLOCATION  -  	(blank)	All Customers	CEE	EUROPE
1000408720	STACK TELECOM	RUSSIA	F1  -  COLOCATION  -  	(blank)	ABB	CEE	EUROPE
1000408720	STACK TELECOM	RUSSIA	F1  -  COLOCATION  -  	(blank)	CREDIT EUROPE BANK	CEE	EUROPE
1000408720	STACK TELECOM	RUSSIA	F1  -  COLOCATION  -  	(blank)	S&T INTERNATIONAL	CEE	EUROPE
1000408721	CENTR HRANENIJA DANNIH OOO	RUSSIA	F1  -  COLOCATION  -  	(blank)	ZAO SOFTKEY	CEE	EUROPE
1000409714	NETMAGIC IT SERVICES PVT LTD	INDIA	F1  -  COLOCATION  -  	(blank)	All Customers	ISA	AP
1000409714	NETMAGIC IT SERVICES PVT LTD	INDIA	F1  -  COLOCATION  -  	(blank)	CONCENTRIX DAKSH SERVICES INDI	ISA	AP
1000409714	NETMAGIC IT SERVICES PVT LTD	INDIA	F1  -  COLOCATION  -  	(blank)	FIRST DATA INDIA PVT LTD	ISA	AP
1000409714	NETMAGIC IT SERVICES PVT LTD	INDIA	F1  -  COLOCATION  -  	(blank)	PNB METLIFE INDIA INSURANCE CO	ISA	AP
1000409714	NETMAGIC IT SERVICES PVT LTD	INDIA	F1  -  COLOCATION  -  	(blank)	REDINGTON INDIA LIMITED	ISA	AP
1000409876	SIMRANS INTERIORS	INDIA	B  -  SITE MAINTENANCE	(blank)	VODAFONE INDIA LTD	ISA	AP
1000410604	ALPHA GRISSIN POWER AND ENVIRONMENT	GREECE	B  -  SITE MAINTENANCE	(blank)	DEDDIE S.A	SPGI	EUROPE
1000410604	ALPHA GRISSIN POWER AND ENVIRONMENT	GREECE	B  -  SITE MAINTENANCE	(blank)	ICAP GROUP	SPGI	EUROPE
1000411501	CARRIER AIR CONDITIONING AND REFRIG	INDIA	B  -  SITE MAINTENANCE	(blank)	All Customers	ISA	AP
1000411501	CARRIER AIR CONDITIONING AND REFRIG	INDIA	B  -  SITE MAINTENANCE	(blank)	BHARTI AIRTEL LIMITED	ISA	AP
1000411717	TELCONET SA	ECUADOR	F1  -  COLOCATION  -  	(blank)	DIFARE S.A.	SSA	LA
1000411778	CBRE GWS INTERNATIONAL ISRAEL LTD I	ISRAEL	B  -  SITE MAINTENANCE	(blank)	All Customers	SPGI	EUROPE
1000411778	CBRE GWS INTERNATIONAL ISRAEL LTD I	ISRAEL	B  -  SITE MAINTENANCE	(blank)	HABOURSA LENIYAROT	SPGI	EUROPE
1000411778	CBRE GWS INTERNATIONAL ISRAEL LTD I	ISRAEL	B  -  SITE MAINTENANCE	(blank)	JUPITER	SPGI	EUROPE
1000412702	SOCIEDAD CHILE ENGINEERING SA	CHILE	B  -  SITE MAINTENANCE	(blank)	MINERA ESCONDID	SSA	LA
1000413076	HJ PNA CO LTD	SOUTH KOREA	B  -  SITE MAINTENANCE	(blank)	HYUNDAI MOBIS_HQ	KOR	AP
1000413094	EQUINIX INFORMATION TECHNOLOGY	CHINA	F1  -  COLOCATION  -  	(blank)	7000003267-824829	CHR	CH
1000413718	CONSORCIO ECUATORIANO DE TELECOMUNI	ECUADOR	F1  -  COLOCATION  -  	(blank)	JUNTA DE BENEFI	SSA	LA
1000414602	AMARA RAJA BATTERIES LIMITED	INDIA	B  -  SITE MAINTENANCE	(blank)	All Customers	ISA	AP
1000415021	VAN GANSEWINKEL NEDERLAND BV REGIO	BELGIUM	G  -  ENVIRONMENTAL  -	(blank)	All Customers	BENELUX	EUROPE
1000415901	PRIMETEL PLC	CYPRUS	F1  -  COLOCATION  -  	(blank)	CNP CYPRIALIFE LIMITED	SPGI	EUROPE
1000415901	PRIMETEL PLC	CYPRUS	F1  -  COLOCATION  -  	(blank)	GPB-FINANCIAL SERVICES	SPGI	EUROPE
1000416175	PT BIZNET DATA CENTER	INDONESIA	F1  -  COLOCATION  -  	(blank)	All Customers	ASE	AP
1000416175	PT BIZNET DATA CENTER	INDONESIA	F1  -  COLOCATION  -  	(blank)	PT AVRIST ASSURANCE	ASE	AP
1000416971	CBRE INC	UNITED STATES	B  -  SITE MAINTENANCE	(blank)	All Customers	US	US
1000418820	SIRIO POLSKA SPOLKA Z O O	POLAND	B  -  SITE MAINTENANCE	(blank)	All Customers	CEE	EUROPE
1000418820	SIRIO POLSKA SPOLKA Z O O	POLAND	B  -  SITE MAINTENANCE	(blank)	FCA POLAND	CEE	EUROPE
1000419141	CREATIVE INFO LINK PVT LTD	INDIA	B  -  SITE MAINTENANCE	(blank)	All Customers	ISA	AP
1000420075	SHRED X PTY LTD	AUSTRALIA	G  -  ENVIRONMENTAL  -	(blank)	All Customers	ANZ	AP
1000420537	INTEGRATED FACILITY MANAGEMENT COMP	EGYPT	B  -  SITE MAINTENANCE	(blank)	All Customers	EGYPT	MEA
1000420723	E RECYCLING LTD	UNITED KINGDOM	G  -  ENVIRONMENTAL  -	(blank)	All Customers	UKI	EUROPE
1000421518	ELIYAHU KOYARO	ISRAEL	B  -  SITE MAINTENANCE	(blank)	All Customers	SPGI	EUROPE
1000422154	DATA 4 SERVICES ITALY SRL	ITALY	F1  -  COLOCATION  -  	(blank)	All Customers	ITALY	EUROPE
1000422504	PT LAPLASINDO PRATAMA	INDONESIA	B  -  SITE MAINTENANCE	(blank)	PT SIGMA CIPTA CARAKA	ASE	AP
1000423689	COMPANHIA DE TELECOMUNICACOES DE MA	MACAU	F1  -  COLOCATION  -  	(blank)	BANK OF CHINA LIMITED, MACAU	HKR	CH
1000423823	URVASHI CREATORS	INDIA	B  -  SITE MAINTENANCE	(blank)	All Customers	ISA	AP
1000423823	URVASHI CREATORS	INDIA	B  -  SITE MAINTENANCE	(blank)	VODAFONE INDIA LIMITED	ISA	AP
1000423823	URVASHI CREATORS	INDIA	B  -  SITE MAINTENANCE	(blank)	VODAFONE INDIA LTD	ISA	AP
1000423823	URVASHI CREATORS	INDIA	B  -  SITE MAINTENANCE	(blank)	WIPRO LIMITED	ISA	AP
1000423834	EFS FACILITIES SERVICES INDIA PVT L	INDIA	B  -  SITE MAINTENANCE	(blank)	All Customers	ISA	AP
1000424362	NXTRA DATA LIMITED	INDIA	F1  -  COLOCATION  -  	(blank)	All Customers	ISA	AP
1000424362	NXTRA DATA LIMITED	INDIA	F1  -  COLOCATION  -  	(blank)	BERGER PAINTS  INDIA LTD	ISA	AP
1000424362	NXTRA DATA LIMITED	INDIA	F1  -  COLOCATION  -  	(blank)	EDUCOMP SOLUTIONS LIMITED	ISA	AP
1000424362	NXTRA DATA LIMITED	INDIA	F1  -  COLOCATION  -  	(blank)	HONDA CARS INDIA LIMITED	ISA	AP
1000424362	NXTRA DATA LIMITED	INDIA	F1  -  COLOCATION  -  	(blank)	MANKIND PHARMA LTD	ISA	AP
1000424362	NXTRA DATA LIMITED	INDIA	F1  -  COLOCATION  -  	(blank)	MOTHER DAIRY FRUIT & VEGETABLE	ISA	AP
1000424611	VERTIV THAILAND CO LTD LTD	THAILAND	B  -  SITE MAINTENANCE	(blank)	All Customers	ASE	AP
1000424930	SEKI AIR CONDITIONING CO LTD	SOUTH KOREA	B  -  SITE MAINTENANCE	(blank)	KOREA INTERNATIONAL TERMINALS	KOR	AP
1000425739	PRUDENT CONTROLS PRIVATE LIMITED	INDIA	B  -  SITE MAINTENANCE	(blank)	All Customers	ISA	AP
1000426780	GREAVES PAKISTAN PVT LTD	PAKISTAN	B  -  SITE MAINTENANCE	(blank)	All Customers	PAKISTAN	MEA
1000426784	PT TEHNINDO SARANA UTAMA	INDONESIA	B  -  SITE MAINTENANCE	(blank)	PT BANK NEGARA INDONESIA (PERS	ASE	AP
1000427266	GESTAM URUGUAY DE SERVICIOS SA	URUGUAY	B  -  SITE MAINTENANCE	(blank)	All Customers	SSA	LA
1000427266	GESTAM URUGUAY DE SERVICIOS SA	URUGUAY	B  -  SITE MAINTENANCE	(blank)	BPS- PROY DE CU	SSA	LA
1000428533	PRO4SERVIS KLIMA NAPRAVE D O O	SLOVENIA	B  -  SITE MAINTENANCE	(blank)	ZPIZ SLOVENIJE	CEE	EUROPE
1000428719	EVONSTON BEIJING TECHNOLOGY CO LTD	CHINA	B  -  SITE MAINTENANCE	(blank)	All Customers	CHR	CH
1000428719	EVONSTON BEIJING TECHNOLOGY CO LTD	CHINA	B  -  SITE MAINTENANCE	(blank)	All Customers	CHR	CH
1000430516	SERVIONICA	RUSSIA	F1  -  COLOCATION  -  	(blank)	All Customers	CEE	EUROPE
1000430900	E SHELTER COLOCATION GMBH	GERMANY	F1  -  COLOCATION  -  	(blank)	All Customers	DACH	EUROPE
1000433412	E PLDT INC	PHILIPPINES	F1  -  COLOCATION  -  	(blank)	EDGE NETWORK SERVICES LTD	ASE	AP
1000435058	SERVITECH PROFESIONALES SAC	PERU	B  -  SITE MAINTENANCE	(blank)	All Customers	SSA	LA
1000436280	TATA COMMUNICATIONS DATA CENTERS PR	INDIA	F1  -  COLOCATION  -  	(blank)	VODAFONE INDIA LIMITED	ISA	AP
1000436513	THE TELX GROUP INC	BELGIUM	F1  -  COLOCATION  -  	(blank)	All Customers	BENELUX	EUROPE
1000437094	APPRAISAL PROPERTY MANAGMENT SDN BH	MALAYSIA	B  -  SITE MAINTENANCE	(blank)	All Customers	ASE	AP
1000437094	APPRAISAL PROPERTY MANAGMENT SDN BH	MALAYSIA	B  -  SITE MAINTENANCE	(blank)	MSIG INSURANCE (MALAYSIA) BHD	ASE	AP
1000438446	CBRE CORPORATE OUTSOURCING SL	SPAIN	B  -  SITE MAINTENANCE	(blank)	All Customers	SPGI	EUROPE
1000438612	CBRE EMLAK DANISMANLIK LTD SIRKETI	TURKEY	B  -  SITE MAINTENANCE	(blank)	All Customers	TUR	MEA
1000438612	CBRE EMLAK DANISMANLIK LTD SIRKETI	TURKEY	B  -  SITE MAINTENANCE	(blank)	AKBANK	TUR	MEA
1000438612	CBRE EMLAK DANISMANLIK LTD SIRKETI	TURKEY	B  -  SITE MAINTENANCE	(blank)	INTESA SANPAOLO GROU	TUR	MEA
1000438843	CBRE CORPORATE OUTSOURCING SA	GREECE	B  -  SITE MAINTENANCE	(blank)	All Customers	SPGI	EUROPE
1000439031	SWITCH LTD	UNITED STATES	F1  -  COLOCATION  -  	(blank)	All Customers	US	US
1000439174	CBRE CORPORATE OUTSOURCING LDA	PORTUGAL	B  -  SITE MAINTENANCE	(blank)	All Customers	SPGI	EUROPE
1000439174	CBRE CORPORATE OUTSOURCING LDA	PORTUGAL	B  -  SITE MAINTENANCE	(blank)	BANCO  B P I SA	SPGI	EUROPE
1000439174	CBRE CORPORATE OUTSOURCING LDA	PORTUGAL	B  -  SITE MAINTENANCE	(blank)	C. G. DE DEPÓSITOS, SA	SPGI	EUROPE
1000439174	CBRE CORPORATE OUTSOURCING LDA	PORTUGAL	G  -  ENVIRONMENTAL  -	(blank)	LOGOPLASTE	SPGI	EUROPE
1000440116	LBT KOREA CO LTD	SOUTH KOREA	B  -  SITE MAINTENANCE	(blank)	HANON SYSTEMS	KOR	AP
1000440117	SAMKUN E AND C CO LTD	SOUTH KOREA	B  -  SITE MAINTENANCE	(blank)	HANON SYSTEMS	KOR	AP
1000442005	NIRVAA SOLUTIONS PRIVATE LIMITED	INDIA	B  -  SITE MAINTENANCE	(blank)	All Customers	ISA	AP
1000442005	NIRVAA SOLUTIONS PRIVATE LIMITED	INDIA	B  -  SITE MAINTENANCE	(blank)	VODAFONE INDIA LTD	ISA	AP
1000448525	PT DKSH INDONESIA	INDONESIA	B  -  SITE MAINTENANCE	(blank)	PT SIGMA CIPTA CARAKA	ASE	AP
100187	MUBUILDING TECHNICAL MANAGMENTSERVI	JAPAN	B  -  SITE MAINTENANCE	(blank)	All Customers	JPN	JN
100470	CTC	JAPAN	F1  -  COLOCATION  -  	(blank)	All Customers	JPN	JN
147353	IZUMI SHOJI, LTD	JAPAN	G  -  ENVIRONMENTAL  -	(blank)	All Customers	JPN	JN
147473	IFORT,INC.	JAPAN	B  -  SITE MAINTENANCE	(blank)	IBM DC MGMT MKM	JPN	JN
199735	MBI CO.,LTD	JAPAN	B  -  SITE MAINTENANCE	(blank)	All Customers	JPN	JN
20250122323	APLICACIONES DE INGENIERIA Y CONSTR	PERU	B  -  SITE MAINTENANCE	(blank)	BANCO INTERNACI	SSA	LA
20250122323	APLICACIONES DE INGENIERIA Y CONSTR	PERU	B  -  SITE MAINTENANCE	(blank)	COMP. MINAS BUE	SSA	LA
20250122323	APLICACIONES DE INGENIERIA Y CONSTR	PERU	B  -  SITE MAINTENANCE	(blank)	TELEFONICA DEL	SSA	LA
20250122323	APLICACIONES DE INGENIERIA Y CONSTR	PERU	B  -  SITE MAINTENANCE	(blank)	UNIVERSIDAD SAN	SSA	LA
20250122323	APLICACIONES DE INGENIERIA Y CONSTR	PERU	F1  -  COLOCATION  -  	(blank)	SEDAPAL	SSA	LA
20254356051	OLC INGENIEROS EIRL	PERU	B  -  SITE MAINTENANCE	(blank)	All Customers	SSA	LA
20338914581	EQUIPOS Y SERVICIOS PROFESIONALES S	PERU	B  -  SITE MAINTENANCE	(blank)	SCOTIABANK PERU	SSA	LA
20414766308	SODEXO PERU SAC	PERU	B  -  SITE MAINTENANCE	(blank)	All Customers	SSA	LA
20414766308	SODEXO PERU SAC	PERU	B  -  SITE MAINTENANCE	(blank)	BCO NACION	SSA	LA
20414766308	SODEXO PERU SAC	PERU	B  -  SITE MAINTENANCE	(blank)	FERREYROS S.A.	SSA	LA
20414766308	SODEXO PERU SAC	PERU	B  -  SITE MAINTENANCE	(blank)	GRUPO ACP	SSA	LA
20414766308	SODEXO PERU SAC	PERU	B  -  SITE MAINTENANCE	(blank)	ONP	SSA	LA
20414766308	SODEXO PERU SAC	PERU	B  -  SITE MAINTENANCE	(blank)	PETROLEOS DEL P	SSA	LA
20414766308	SODEXO PERU SAC	PERU	B  -  SITE MAINTENANCE	(blank)	RIMAC SEGUROS	SSA	LA
20414766308	SODEXO PERU SAC	PERU	B  -  SITE MAINTENANCE	(blank)	SCOTIABANK PERU	SSA	LA
20458714101	WESTFIRE SUDAMERICA SRL	PERU	B  -  SITE MAINTENANCE	(blank)	PETROLEOS DEL P	SSA	LA
20465557754	VERTIV PERU SAC	PERU	B  -  SITE MAINTENANCE	(blank)	All Customers	SSA	LA
20465557754	VERTIV PERU SAC	PERU	B  -  SITE MAINTENANCE	(blank)	PETROLEOS DEL P	SSA	LA
20465557754	VERTIV PERU SAC	PERU	B  -  SITE MAINTENANCE	(blank)	PUCP	SSA	LA
20506949506	MEACOM DATA SAC	PERU	B  -  SITE MAINTENANCE	(blank)	COGESA	SSA	LA
20507474099	JASON  PROYECTOS Y SOLUCIONES GENER	PERU	B  -  SITE MAINTENANCE	(blank)	FERREYROS S.A.	SSA	LA
20507474099	JASON  PROYECTOS Y SOLUCIONES GENER	PERU	B  -  SITE MAINTENANCE	(blank)	SEDAPAL	SSA	LA
2,14888E+11	JUST ENRIQUE TERREU CUELLO	URUGUAY	B  -  SITE MAINTENANCE	(blank)	All Customers	SSA	LA
249872	NIPPON STEEL & SUMIKIN TEXENG.CO.,	JAPAN	B  -  SITE MAINTENANCE	(blank)	All Customers	JPN	JN
30697536996	OUTRIGHT SRL	ARGENTINA	B  -  SITE MAINTENANCE	(blank)	All Customers	SSA	LA
30708776609	FACILITY SERVICES SRL	ARGENTINA	B  -  SITE MAINTENANCE	(blank)	All Customers	SSA	LA
30708776609	FACILITY SERVICES SRL	ARGENTINA	B  -  SITE MAINTENANCE	(blank)	BANCO SANTANDER	SSA	LA
30708776609	FACILITY SERVICES SRL	ARGENTINA	G  -  ENVIRONMENTAL  -	(blank)	AMERICAN EXPRES	SSA	LA
3089	EMERSON NETWORK POWER	POLAND	B  -  SITE MAINTENANCE	(blank)	All Customers	CEE	EUROPE
315000	SANKI TECHNO SUPPORT CO.,LTD.	JAPAN	B  -  SITE MAINTENANCE	(blank)	All Customers	JPN	JN
340000	SHODEN CORP.	JAPAN	B  -  SITE MAINTENANCE	(blank)	All Customers	JPN	JN
349922	JAPAN BUSINESS LOGISTICS      CO.,L	JAPAN	G  -  ENVIRONMENTAL  -	(blank)	All Customers	JPN	JN
358300	SHINRYO CORPORATION	JAPAN	B  -  SITE MAINTENANCE	(blank)	JACCS               DP	JPN	JN
366400	SCSK CORPORATION	JAPAN	F1  -  COLOCATION  -  	(blank)	All Customers	JPN	JN
3842	IRON MOUNTAIN POLSKA SP ZOO	POLAND	G  -  ENVIRONMENTAL  -	(blank)	All Customers	CEE	EUROPE
399496	SAISON INFORMATION SYSTEMS CO.,LTD.	JAPAN	F1  -  COLOCATION  -  	(blank)	All Customers	JPN	JN
4452	APLEONA HSG SP Z O O SP ZOO	POLAND	B  -  SITE MAINTENANCE	(blank)	All Customers	CEE	EUROPE
4452	APLEONA HSG SP Z O O SP ZOO	POLAND	B  -  SITE MAINTENANCE	(blank)	FCA POLAND	CEE	EUROPE
4452	APLEONA HSG SP Z O O SP ZOO	POLAND	B  -  SITE MAINTENANCE	(blank)	MERCEDES-BENZ BANK POL	CEE	EUROPE
4452	APLEONA HSG SP Z O O SP ZOO	POLAND	B  -  SITE MAINTENANCE	(blank)	NORDEA BANK AB SA	CEE	EUROPE
4777	SANIN SPOLKA Z OGRANICZONA ODPOWIED	POLAND	B  -  SITE MAINTENANCE	(blank)	All Customers	CEE	EUROPE
4777	SANIN SPOLKA Z OGRANICZONA ODPOWIED	POLAND	B  -  SITE MAINTENANCE	(blank)	NORDEA BANK / ESTONIA	CEE	EUROPE
4777	SANIN SPOLKA Z OGRANICZONA ODPOWIED	POLAND	B  -  SITE MAINTENANCE	(blank)	NORDEA BANK AB SA	CEE	EUROPE
49703765	APLEONA HSG S R O	CZECH REPUBLIC	B  -  SITE MAINTENANCE	(blank)	All Customers	CEE	EUROPE
49703765	APLEONA HSG S R O	CZECH REPUBLIC	B  -  SITE MAINTENANCE	(blank)	RAIFFEISENBANK A.S.	CEE	EUROPE
54183587	MANSERV MONTAGEM E MANUTENCAO SA	BRAZIL	B  -  SITE MAINTENANCE	(blank)	All Customers	BZL	LA
54183587	MANSERV MONTAGEM E MANUTENCAO SA	BRAZIL	B  -  SITE MAINTENANCE	(blank)	ADP BRASIL LTDA	BZL	LA
54183587	MANSERV MONTAGEM E MANUTENCAO SA	BRAZIL	B  -  SITE MAINTENANCE	(blank)	AGNS	BZL	LA
54183587	MANSERV MONTAGEM E MANUTENCAO SA	BRAZIL	B  -  SITE MAINTENANCE	(blank)	ARTERIS	BZL	LA
54183587	MANSERV MONTAGEM E MANUTENCAO SA	BRAZIL	B  -  SITE MAINTENANCE	(blank)	BCP - BANCO DE	BZL	LA
54183587	MANSERV MONTAGEM E MANUTENCAO SA	BRAZIL	B  -  SITE MAINTENANCE	(blank)	BIC  BANCO	BZL	LA
54183587	MANSERV MONTAGEM E MANUTENCAO SA	BRAZIL	B  -  SITE MAINTENANCE	(blank)	CARREFOUR - SAO	BZL	LA
54183587	MANSERV MONTAGEM E MANUTENCAO SA	BRAZIL	B  -  SITE MAINTENANCE	(blank)	CBMM	BZL	LA
54183587	MANSERV MONTAGEM E MANUTENCAO SA	BRAZIL	B  -  SITE MAINTENANCE	(blank)	CONSTRUDECOR	BZL	LA
54183587	MANSERV MONTAGEM E MANUTENCAO SA	BRAZIL	B  -  SITE MAINTENANCE	(blank)	FD DO BRASIL	BZL	LA
54183587	MANSERV MONTAGEM E MANUTENCAO SA	BRAZIL	B  -  SITE MAINTENANCE	(blank)	LEROY MERLIN	BZL	LA
54183587	MANSERV MONTAGEM E MANUTENCAO SA	BRAZIL	B  -  SITE MAINTENANCE	(blank)	PR. EQUIPAMENTO	BZL	LA
54183587	MANSERV MONTAGEM E MANUTENCAO SA	BRAZIL	B  -  SITE MAINTENANCE	(blank)	REDECARD	BZL	LA
54183587	MANSERV MONTAGEM E MANUTENCAO SA	BRAZIL	B  -  SITE MAINTENANCE	(blank)	RIOCARD	BZL	LA
54183587	MANSERV MONTAGEM E MANUTENCAO SA	BRAZIL	B  -  SITE MAINTENANCE	(blank)	SAINT-GOBAIN -	BZL	LA
54183587	MANSERV MONTAGEM E MANUTENCAO SA	BRAZIL	B  -  SITE MAINTENANCE	(blank)	TICKET SERVICOS	BZL	LA
54183587	MANSERV MONTAGEM E MANUTENCAO SA	BRAZIL	B  -  SITE MAINTENANCE	(blank)	TSYS	BZL	LA
549747	NAKATSUJI LIMITED	JAPAN	G  -  ENVIRONMENTAL  -	(blank)	All Customers	JPN	JN
549747	NAKATSUJI LIMITED	JAPAN	G  -  ENVIRONMENTAL  -	(blank)	BENIC SORYU SISUTEMU	JPN	JN
549747	NAKATSUJI LIMITED	JAPAN	G  -  ENVIRONMENTAL  -	(blank)	DAINICHI KANKO TH	JPN	JN
549747	NAKATSUJI LIMITED	JAPAN	G  -  ENVIRONMENTAL  -	(blank)	JRI SMBC SHINMEGURO	JPN	JN
549747	NAKATSUJI LIMITED	JAPAN	G  -  ENVIRONMENTAL  -	(blank)	KHI AKASHI	JPN	JN
549747	NAKATSUJI LIMITED	JAPAN	G  -  ENVIRONMENTAL  -	(blank)	MURATA MFG. HQ	JPN	JN
549747	NAKATSUJI LIMITED	JAPAN	G  -  ENVIRONMENTAL  -	(blank)	NTTDATA/SMCC	JPN	JN
549747	NAKATSUJI LIMITED	JAPAN	G  -  ENVIRONMENTAL  -	(blank)	TIS KIKAKU-UFIT	JPN	JN
549747	NAKATSUJI LIMITED	JAPAN	G  -  ENVIRONMENTAL  -	(blank)	TOKYO MBISHI BK TAMA	JPN	JN
549747	NAKATSUJI LIMITED	JAPAN	G  -  ENVIRONMENTAL  -	(blank)	TOPIAHAMAMATSU NOKYO	JPN	JN
599996	NOHMI BOSAI LTD.	JAPAN	B  -  SITE MAINTENANCE	(blank)	All Customers	JPN	JN
649541	HYPER CYCLE SYSTEMS	JAPAN	G  -  ENVIRONMENTAL  -	(blank)	All Customers	JPN	JN
649541	HYPER CYCLE SYSTEMS	JAPAN	G  -  ENVIRONMENTAL  -	(blank)	DAISHI BK	JPN	JN
649541	HYPER CYCLE SYSTEMS	JAPAN	G  -  ENVIRONMENTAL  -	(blank)	MIZUHO HOLDINGS TAMA N	JPN	JN
649541	HYPER CYCLE SYSTEMS	JAPAN	G  -  ENVIRONMENTAL  -	(blank)	TOKYO MBISHI BK TAMA	JPN	JN
649541	HYPER CYCLE SYSTEMS	JAPAN	G  -  ENVIRONMENTAL  -	(blank)	YASUDA SOUKO        DP	JPN	JN
651251	FUJI SOFT INC.	JAPAN	F1  -  COLOCATION  -  	(blank)	PAYTECH	JPN	JN
651251	FUJI SOFT INC.	JAPAN	F1  -  COLOCATION  -  	(blank)	SBI SUMISHIN NET BANK	JPN	JN
667000	NIHON DENSAN SETSUBI CO,LTD.	JAPAN	B  -  SITE MAINTENANCE	(blank)	All Customers	JPN	JN
667000	NIHON DENSAN SETSUBI CO,LTD.	JAPAN	B  -  SITE MAINTENANCE	(blank)	DEUTSCHEBANKREALESTATE	JPN	JN
671000	GLOBESHIP CORPORATION	JAPAN	B  -  SITE MAINTENANCE	(blank)	IBM DC MGMT HG	JPN	JN
699657	FUKAMACHI TAIZO SHOTEN	JAPAN	G  -  ENVIRONMENTAL  -	(blank)	All Customers	JPN	JN
78137000-2	INGRAM MICRO CHILE SA	CHILE	B  -  SITE MAINTENANCE	(blank)	All Customers	SSA	LA
78159800-3	INTEGRADORES DE TECNOLOGIA Y SISTEM	CHILE	F1  -  COLOCATION  -  	(blank)	RENDIC HERMANOS	SSA	LA
8002304477	SODEXO SA	COLOMBIA	B  -  SITE MAINTENANCE	(blank)	All Customers	SSA	LA
801001	JFE EAST JAPAN GS CO.,LTD	JAPAN	B  -  SITE MAINTENANCE	(blank)	All Customers	JPN	JN
801001	JFE EAST JAPAN GS CO.,LTD	JAPAN	B  -  SITE MAINTENANCE	(blank)	JFE-S	JPN	JN
802831	JFE SHOJI TRADE CORPORATION	JAPAN	B  -  SITE MAINTENANCE	(blank)	JFE-S	JPN	JN
909	COMPUTER CONCEPTS LIMITED	NEW ZEALAND	F1  -  COLOCATION  -  	(blank)	All Customers	ANZ	AP
949674	RITEMU,KK	JAPAN	G  -  ENVIRONMENTAL  -	(blank)	All Customers	JPN	JN
949674	RITEMU,KK	JAPAN	G  -  ENVIRONMENTAL  -	(blank)	77 BK	JPN	JN
949674	RITEMU,KK	JAPAN	G  -  ENVIRONMENTAL  -	(blank)	A0329 SOMPO JAPA D0919	JPN	JN
949674	RITEMU,KK	JAPAN	G  -  ENVIRONMENTAL  -	(blank)	BANKING D CTR	JPN	JN
949674	RITEMU,KK	JAPAN	G  -  ENVIRONMENTAL  -	(blank)	BUNSHODO KOKUZEI	JPN	JN
949674	RITEMU,KK	JAPAN	G  -  ENVIRONMENTAL  -	(blank)	CSL	JPN	JN
949674	RITEMU,KK	JAPAN	G  -  ENVIRONMENTAL  -	(blank)	DIR BUSINESSINNOVATION	JPN	JN
949674	RITEMU,KK	JAPAN	G  -  ENVIRONMENTAL  -	(blank)	DOWA F&M            SO	JPN	JN
949674	RITEMU,KK	JAPAN	G  -  ENVIRONMENTAL  -	(blank)	ECOOD FTP	JPN	JN
949674	RITEMU,KK	JAPAN	G  -  ENVIRONMENTAL  -	(blank)	GVI-BAU	JPN	JN
949674	RITEMU,KK	JAPAN	G  -  ENVIRONMENTAL  -	(blank)	HADANO CITY HALL	JPN	JN
949674	RITEMU,KK	JAPAN	G  -  ENVIRONMENTAL  -	(blank)	IBM JAPAN	JPN	JN
949674	RITEMU,KK	JAPAN	G  -  ENVIRONMENTAL  -	(blank)	IGA ECM PROJECT	JPN	JN
949674	RITEMU,KK	JAPAN	G  -  ENVIRONMENTAL  -	(blank)	JAPAN POST BANK	JPN	JN
949674	RITEMU,KK	JAPAN	G  -  ENVIRONMENTAL  -	(blank)	JFE LIFE	JPN	JN
949674	RITEMU,KK	JAPAN	G  -  ENVIRONMENTAL  -	(blank)	JFE-S	JPN	JN
949674	RITEMU,KK	JAPAN	G  -  ENVIRONMENTAL  -	(blank)	JRI SMBC SHINMEGURO	JPN	JN
949674	RITEMU,KK	JAPAN	G  -  ENVIRONMENTAL  -	(blank)	JTSB	JPN	JN
949674	RITEMU,KK	JAPAN	G  -  ENVIRONMENTAL  -	(blank)	KANPO OIO ZUIKEI	JPN	JN
949674	RITEMU,KK	JAPAN	G  -  ENVIRONMENTAL  -	(blank)	KHI AKASHI	JPN	JN
949674	RITEMU,KK	JAPAN	G  -  ENVIRONMENTAL  -	(blank)	MEIJI SEIKA TP	JPN	JN
949674	RITEMU,KK	JAPAN	G  -  ENVIRONMENTAL  -	(blank)	MHBK TEZUKA	JPN	JN
949674	RITEMU,KK	JAPAN	G  -  ENVIRONMENTAL  -	(blank)	MIZUHO HOLDINGS TAMA N	JPN	JN
949674	RITEMU,KK	JAPAN	G  -  ENVIRONMENTAL  -	(blank)	MIZUHO SECURITIES	JPN	JN
949674	RITEMU,KK	JAPAN	G  -  ENVIRONMENTAL  -	(blank)	MOCHIDA SEIYAKU	JPN	JN
949674	RITEMU,KK	JAPAN	G  -  ENVIRONMENTAL  -	(blank)	MPHPT-RP	JPN	JN
949674	RITEMU,KK	JAPAN	G  -  ENVIRONMENTAL  -	(blank)	SAITAMA NOKYO JOHO CTR	JPN	JN
949674	RITEMU,KK	JAPAN	G  -  ENVIRONMENTAL  -	(blank)	SAITAMA SHINREN	JPN	JN
949674	RITEMU,KK	JAPAN	G  -  ENVIRONMENTAL  -	(blank)	SBTM WHITE CLOUD DAAS	JPN	JN
949674	RITEMU,KK	JAPAN	G  -  ENVIRONMENTAL  -	(blank)	TOSHO	JPN	JN
96550960-7	SODEXO SERVICIOS SA	CHILE	B  -  SITE MAINTENANCE	(blank)	All Customers	SSA	LA
96550960-7	SODEXO SERVICIOS SA	CHILE	B  -  SITE MAINTENANCE	(blank)	BHP CHILE INC.	SSA	LA
96550960-7	SODEXO SERVICIOS SA	CHILE	B  -  SITE MAINTENANCE	(blank)	CAPITAL S.A.	SSA	LA
96592740-9	SCHNEIDER ELECTRIC CHILE SA	CHILE	B  -  SITE MAINTENANCE	(blank)	MINERA ESCONDID	SSA	LA
A0180	SCHNEIDER ELECTRIC IT BUSINESS INDI	INDIA	B  -  SITE MAINTENANCE	(blank)	All Customers	ISA	AP
A0651	ASHOK ENGINEERS	INDIA	B  -  SITE MAINTENANCE	(blank)	All Customers	ISA	AP
A586	AT&T WORLDWIDE TELECOMMUNICATIONS S	SINGAPORE	F1  -  COLOCATION  -  	(blank)	MOONLIGHT	ASE	AP
B0001	BLUE STAR LIMITED	INDIA	B  -  SITE MAINTENANCE	(blank)	All Customers	ISA	AP
B0353	BS ENGINEERING SERVICES	INDIA	B  -  SITE MAINTENANCE	(blank)	All Customers	ISA	AP
B05066	PT JONES LANG LASALLE	INDONESIA	B  -  SITE MAINTENANCE	(blank)	All Customers	ASE	AP
B05066	PT JONES LANG LASALLE	INDONESIA	B  -  SITE MAINTENANCE	(blank)	PT INDOSAT TBK	ASE	AP
B08021	PT DWIMITRA EKATAMA MANDIRI	INDONESIA	B  -  SITE MAINTENANCE	(blank)	PT SIGMA CIPTA CARAKA	ASE	AP
B08077	PT PRIMA TUNGGAL JAVALAND	INDONESIA	B  -  SITE MAINTENANCE	(blank)	PT SIGMA CIPTA CARAKA	ASE	AP
C00257	CSF ADVISERS SDN BHD	MALAYSIA	F1  -  COLOCATION  -  	(blank)	All Customers	ASE	AP
C00257	CSF ADVISERS SDN BHD	MALAYSIA	F1  -  COLOCATION  -  	(blank)	ASTRAZENECA ASIA-PACIFIC BUSIN	ASE	AP
C00257	CSF ADVISERS SDN BHD	MALAYSIA	F1  -  COLOCATION  -  	(blank)	DIGICERT SDN. BHD	ASE	AP
C00257	CSF ADVISERS SDN BHD	MALAYSIA	F1  -  COLOCATION  -  	(blank)	DKSH CORPORATE SHARED SERVICES	ASE	AP
C00257	CSF ADVISERS SDN BHD	MALAYSIA	F1  -  COLOCATION  -  	(blank)	ECOSWAY.COM SDN BHD	ASE	AP
C00257	CSF ADVISERS SDN BHD	MALAYSIA	F1  -  COLOCATION  -  	(blank)	MALAYSIA DIGITAL ECONOMY CORPO	ASE	AP
C00257	CSF ADVISERS SDN BHD	MALAYSIA	F1  -  COLOCATION  -  	(blank)	MULTIMEDIA DEVELOPMENT CORPORA	ASE	AP
C00257	CSF ADVISERS SDN BHD	MALAYSIA	F1  -  COLOCATION  -  	(blank)	NS BLUESCOPE ASIA SDN BHD	ASE	AP
C00257	CSF ADVISERS SDN BHD	MALAYSIA	F1  -  COLOCATION  -  	(blank)	USG BORAL BUILDING PRODUCTS SD	ASE	AP
C00257	CSF ADVISERS SDN BHD	MALAYSIA	F1  -  COLOCATION  -  	(blank)	VADS BERHAD	ASE	AP
C00276	CANVENDISH COMPANY	HONG KONG	B  -  SITE MAINTENANCE	(blank)	All Customers	HKR	CH
C00361	CHAN S CLEANING SERVICE CO	HONG KONG	B  -  SITE MAINTENANCE	(blank)	All Customers	HKR	CH
C0593	COSMOS INNOVATIVE SYSTEMS PVT LTD	INDIA	B  -  SITE MAINTENANCE	(blank)	All Customers	ISA	AP
C858	CDL CODELEC COMPANIA DE ELECTRICIDA	VENEZUELA	B  -  SITE MAINTENANCE	(blank)	All Customers	SSA	LA
D00208	DONGBU INC	SOUTH KOREA	F1  -  COLOCATION  -  	(blank)	JT CAPITAL COMPANY LIMITED	KOR	AP
D00208	DONGBU INC	SOUTH KOREA	F1  -  COLOCATION  -  	(blank)	STANDARD CHARTERED BANK KOREA	KOR	AP
D00208	DONGBU INC	SOUTH KOREA	F1  -  COLOCATION  -  	(blank)	STANDARD CHARTERED SECURITIES	KOR	AP
E00092	VERTIV THAILAND CO LTD LTD	THAILAND	B  -  SITE MAINTENANCE	(blank)	DEUTSCHE BANK A.G., BANGKOK BR	ASE	AP
E00092	VERTIV THAILAND CO LTD LTD	THAILAND	F1  -  COLOCATION  -  	(blank)	All Customers	ASE	AP
E00120	EP KOREA	SOUTH KOREA	B  -  SITE MAINTENANCE	(blank)	KOREA INVESTMENT & SECURITIES	KOR	AP
E0079	VERTIV ENERGY PRIVATE LIMITED	INDIA	B  -  SITE MAINTENANCE	(blank)	All Customers	ISA	AP
E0079	VERTIV ENERGY PRIVATE LIMITED	INDIA	B  -  SITE MAINTENANCE	(blank)	VODAFONE INDIA LTD	ISA	AP
E0251	EATON POWER QUALITY PRIVATE LIMITED	INDIA	B  -  SITE MAINTENANCE	(blank)	GUJARAT CO-OPERATIVE MILK MARK	ISA	AP
E226	EMERSON VENEZUELA CA	VENEZUELA	B  -  SITE MAINTENANCE	(blank)	All Customers	SSA	LA
E805	EQUINIX SINGAPORE PTE LTD	SINGAPORE	F1  -  COLOCATION  -  	(blank)	All Customers	ASE	AP
E945	VERTIV SINGAPORE  PTE LTD PTE LTD	SINGAPORE	F1  -  COLOCATION  -  	(blank)	SINGAPORE AIRLINES LIMITED	ASE	AP
F0128	APLEONA HSG SRO	SLOVAKIA	B  -  SITE MAINTENANCE	(blank)	All Customers	CEE	EUROPE
G0242	GLOBAL POWER SOURCE INDIA PVT LTD	INDIA	B  -  SITE MAINTENANCE	(blank)	All Customers	ISA	AP
H00061	AR CO	SOUTH KOREA	B  -  SITE MAINTENANCE	(blank)	DAISHIN SECURITIES	KOR	AP
H00061	AR CO	SOUTH KOREA	B  -  SITE MAINTENANCE	(blank)	HYUNDAI MOBIS_HQ	KOR	AP
H00061	AR CO	SOUTH KOREA	B  -  SITE MAINTENANCE	(blank)	S-OIL CO.LTD.	KOR	AP
H00373	HANSAN CNS CO LTD	SOUTH KOREA	B  -  SITE MAINTENANCE	(blank)	ALLIANZ LIFE INSURANCE	KOR	AP
H0149	HONEYWELL AUTOMATION INDIA LTD	INDIA	B  -  SITE MAINTENANCE	(blank)	All Customers	ISA	AP
H0149	HONEYWELL AUTOMATION INDIA LTD	INDIA	B  -  SITE MAINTENANCE	(blank)	GUJARAT CO-OPERATIVE MILK MARK	ISA	AP
I00087	ITEM ENGINEERING LIMITED	HONG KONG	B  -  SITE MAINTENANCE	(blank)	All Customers	HKR	CH
I00152	ITEM ENGINEERING LTD	MACAU	B  -  SITE MAINTENANCE	(blank)	All Customers	HKR	CH
I0534	INFO.SERVICES	INDIA	B  -  SITE MAINTENANCE	(blank)	All Customers	ISA	AP
I0534	INFO.SERVICES	INDIA	B  -  SITE MAINTENANCE	(blank)	BHARTI AIRTEL LIMITED	ISA	AP
J00075	JONES LANG LASALLE MANAGEMENT LIMIT	THAILAND	B  -  SITE MAINTENANCE	(blank)	All Customers	ASE	AP
J00075	JONES LANG LASALLE MANAGEMENT LIMIT	THAILAND	B  -  SITE MAINTENANCE	(blank)	DEUTSCHE BANK A.G., BANGKOK BR	ASE	AP
J0013	JOHNSON CONTROLS I PVT LTD	INDIA	B  -  SITE MAINTENANCE	(blank)	All Customers	ISA	AP
J0114	JONES LANG LASALLE PROPERTY CONSULT	INDIA	B  -  SITE MAINTENANCE	(blank)	All Customers	ISA	AP
J0114	JONES LANG LASALLE PROPERTY CONSULT	INDIA	B  -  SITE MAINTENANCE	(blank)	NOMURA SERVICES INDIA PVT LTD	ISA	AP
J99128	JONES LANG LASALLE PHILIPPINES INC	PHILIPPINES	B  -  SITE MAINTENANCE	(blank)	All Customers	ASE	AP
J99128	JONES LANG LASALLE PHILIPPINES INC	PHILIPPINES	B  -  SITE MAINTENANCE	(blank)	MEAD JOHNSON PHILS., INC	ASE	AP
J99128	JONES LANG LASALLE PHILIPPINES INC	PHILIPPINES	B  -  SITE MAINTENANCE	(blank)	METROPOLITAN BANK & TRUST CO	ASE	AP
J99128	JONES LANG LASALLE PHILIPPINES INC	PHILIPPINES	B  -  SITE MAINTENANCE	(blank)	NUTRI-ASIA, INC	ASE	AP
J99128	JONES LANG LASALLE PHILIPPINES INC	PHILIPPINES	B  -  SITE MAINTENANCE	(blank)	PHILIPPINE SAVINGS BANK	ASE	AP
J99128	JONES LANG LASALLE PHILIPPINES INC	PHILIPPINES	B  -  SITE MAINTENANCE	(blank)	RUSTAN COFFEE CORP	ASE	AP
K00067	K TECH TECHNOLOGY & CONSULTANTS LTD	HONG KONG	B  -  SITE MAINTENANCE	(blank)	CITIGROUP TECHNOLOGY INFRASTRU	HKR	CH
K00067	K TECH TECHNOLOGY & CONSULTANTS LTD	HONG KONG	B  -  SITE MAINTENANCE	(blank)	THE HONGKONG AND SHANGHAI	HKR	CH
K0189	KAIZEN IT SERVICES PVT LTD	INDIA	B  -  SITE MAINTENANCE	(blank)	All Customers	ISA	AP
K860	KEPPEL DC SINGAPORE 2 PTE LTD	SINGAPORE	F1  -  COLOCATION  -  	(blank)	All Customers	ASE	AP
K860	KEPPEL DC SINGAPORE 2 PTE LTD	SINGAPORE	F1  -  COLOCATION  -  	(blank)	BANK PICTET & CIE (ASIA) LTD	ASE	AP
K860	KEPPEL DC SINGAPORE 2 PTE LTD	SINGAPORE	F1  -  COLOCATION  -  	(blank)	LIBERTY INTERNATIONAL HOLDINGS	ASE	AP
L0351	S.A BROTHERS PVT LTD	PAKISTAN	B  -  SITE MAINTENANCE	(blank)	All Customers	PAKISTAN	MEA
M248	SCHNEIDER ELECTRIC IT SINGAPORE PTE	SINGAPORE	B  -  SITE MAINTENANCE	(blank)	All Customers	ASE	AP
M56900	MULTISTYLE SPECIALIST INC	PHILIPPINES	F1  -  COLOCATION  -  	(blank)	METROPOLITAN BANK & TRUST CO	ASE	AP
N00166	TCC TECHNOLOGY CO LTD	THAILAND	F1  -  COLOCATION  -  	(blank)	AIA COMPANY LIMITED	ASE	AP
N00166	TCC TECHNOLOGY CO LTD	THAILAND	F1  -  COLOCATION  -  	(blank)	THANACHART BANK PUBLIC COMPANY	ASE	AP
N00166	TCC TECHNOLOGY CO LTD	THAILAND	F1  -  COLOCATION  -  	(blank)	TISCO BANK PUBLIC COMPANY LIMI	ASE	AP
N0259	NIKHIL COMFORTS	INDIA	B  -  SITE MAINTENANCE	(blank)	All Customers	ISA	AP
P00176	PCCW POWERBASE DATA CENTER SERVICES	HONG KONG	F1  -  COLOCATION  -  	(blank)	HONG KONG HOUSING AUTHORITY	HKR	CH
P00176	PCCW POWERBASE DATA CENTER SERVICES	HONG KONG	F1  -  COLOCATION  -  	(blank)	KUEHNE & NAGEL LIMITED	HKR	CH
P00176	PCCW POWERBASE DATA CENTER SERVICES	HONG KONG	F1  -  COLOCATION  -  	(blank)	ZURICH SERVICES (HONG KONG)	HKR	CH
P00443	PROGRESS INTERTECH CO LTD	THAILAND	F1  -  COLOCATION  -  	(blank)	AIA COMPANY LIMITED	ASE	AP
P00443	PROGRESS INTERTECH CO LTD	THAILAND	F1  -  COLOCATION  -  	(blank)	I.C.C. INTERNATIONAL PUBLIC CO	ASE	AP
P086	ST ELECTRONICS DATA CENTRE SOLUTION	SINGAPORE	F1  -  COLOCATION  -  	(blank)	All Customers	ASE	AP
P484	PRO MATRIX PTE LTD	SINGAPORE	B  -  SITE MAINTENANCE	(blank)	All Customers	ASE	AP
P484	PRO MATRIX PTE LTD	SINGAPORE	B  -  SITE MAINTENANCE	(blank)	DBS BANK LTD	ASE	AP
P484	PRO MATRIX PTE LTD	SINGAPORE	B  -  SITE MAINTENANCE	(blank)	HEALTH SCIENCES AUTHORITY	ASE	AP
P484	PRO MATRIX PTE LTD	SINGAPORE	B  -  SITE MAINTENANCE	(blank)	LAND TRANSPORT AUTHORITY OF SI	ASE	AP
P484	PRO MATRIX PTE LTD	SINGAPORE	B  -  SITE MAINTENANCE	(blank)	LUCASFILM ANIMATION COMPANY SI	ASE	AP
P484	PRO MATRIX PTE LTD	SINGAPORE	B  -  SITE MAINTENANCE	(blank)	SINGAPORE AIRLINES LIMITED	ASE	AP
P484	PRO MATRIX PTE LTD	SINGAPORE	B  -  SITE MAINTENANCE	(blank)	SINGAPORE DEPOSIT INSURANCE CO	ASE	AP
P484	PRO MATRIX PTE LTD	SINGAPORE	F1  -  COLOCATION  -  	(blank)	All Customers	ASE	AP
R0002	ROTO POWER PROJECTS PRIVATE LIMITED	INDIA	B  -  SITE MAINTENANCE	(blank)	All Customers	ISA	AP
R0002	ROTO POWER PROJECTS PRIVATE LIMITED	INDIA	B  -  SITE MAINTENANCE	(blank)	CANARA BANK	ISA	AP
R00023	RETECH ELECTRONICS CO	SOUTH KOREA	B  -  SITE MAINTENANCE	(blank)	DAISHIN SECURITIES	KOR	AP
R0008	RITTAL INDIA PVT LTD	INDIA	B  -  SITE MAINTENANCE	(blank)	All Customers	ISA	AP
R0216	RELIANCE COMMUNICATIONS INFRASTRUCT	INDIA	F1  -  COLOCATION  -  	(blank)	LIFESTYLE INTERNATIONAL PVT LT	ISA	AP
R0216	RELIANCE COMMUNICATIONS INFRASTRUCT	INDIA	F1  -  COLOCATION  -  	(blank)	MAX HYPERMARKET INDIA PRIVATE	ISA	AP
S00172	SYSTEM 7 CO LTD	THAILAND	B  -  SITE MAINTENANCE	(blank)	All Customers	ASE	AP
S00223	SE WON E&PD CORP	SOUTH KOREA	B  -  SITE MAINTENANCE	(blank)	All Customers	KOR	AP
S00538	SCHNEIDER ELECTRIC IT MALAYSIA SDN	MALAYSIA	B  -  SITE MAINTENANCE	(blank)	All Customers	ASE	AP
S00538	SCHNEIDER ELECTRIC IT MALAYSIA SDN	MALAYSIA	B  -  SITE MAINTENANCE	(blank)	CAGAMAS BERHAD	ASE	AP
S00555	SITE PREPARATION MANAGEMENT CO LTD	THAILAND	B  -  SITE MAINTENANCE	(blank)	All Customers	ASE	AP
S00555	SITE PREPARATION MANAGEMENT CO LTD	THAILAND	F1  -  COLOCATION  -  	(blank)	I.C.C. INTERNATIONAL PUBLIC CO	ASE	AP
S1086	STULZ CHSPL INDIA PVT LTD	INDIA	B  -  SITE MAINTENANCE	(blank)	All Customers	ISA	AP
S1086	STULZ CHSPL INDIA PVT LTD	INDIA	B  -  SITE MAINTENANCE	(blank)	VODAFONE INDIA LIMITED	ISA	AP
S1086	STULZ CHSPL INDIA PVT LTD	INDIA	B  -  SITE MAINTENANCE	(blank)	VODAFONE INDIA LTD	ISA	AP
S1203	SOCOMEC INNOVATIVE POWER SOLUTIONS	INDIA	B  -  SITE MAINTENANCE	(blank)	All Customers	ISA	AP
S1279	SODEXO FACILITIES MANAGEMENT SERVIC	INDIA	B  -  SITE MAINTENANCE	(blank)	VODAFONE INDIA LIMITED	ISA	AP
S1279	SODEXO FACILITIES MANAGEMENT SERVIC	INDIA	B  -  SITE MAINTENANCE	(blank)	VODAFONE INDIA LTD	ISA	AP
S1308	SIFY TECHNOLOGIES LIMITED	INDIA	F1  -  COLOCATION  -  	(blank)	JET AIRWAYS INDIA LIMITED	ISA	AP
S1308	SIFY TECHNOLOGIES LIMITED	INDIA	F1  -  COLOCATION  -  	(blank)	VODAFONE INDIA LIMITED	ISA	AP
S1308	SIFY TECHNOLOGIES LIMITED	INDIA	F1  -  COLOCATION  -  	(blank)	VODAFONE INDIA LTD	ISA	AP
T0241	TATA TELESERVICES LIMITED	INDIA	F1  -  COLOCATION  -  	(blank)	VIOM NETWORKS LIMITED	ISA	AP
T0443	TATA COMMUNICATIONS LIMITED	INDIA	F1  -  COLOCATION  -  	(blank)	MNP INTERCONNECTION TELECOM SO	ISA	AP
T0443	TATA COMMUNICATIONS LIMITED	INDIA	F1  -  COLOCATION  -  	(blank)	VODAFONE INDIA LIMITED	ISA	AP
T0443	TATA COMMUNICATIONS LIMITED	INDIA	F1  -  COLOCATION  -  	(blank)	VODAFONE INDIA LTD	ISA	AP
T0486	TALIN MODULAR OFFICE FURNITURE SYST	INDIA	B  -  SITE MAINTENANCE	(blank)	All Customers	ISA	AP
V0005	VOLTAS LIMITED	INDIA	B  -  SITE MAINTENANCE	(blank)	All Customers	ISA	AP
V0211	VIBGYOR NET CONNECTIONS PVT LTD	INDIA	B  -  SITE MAINTENANCE	(blank)	BHARTI AIRTEL LIMITED	ISA	AP
V132	VZLANA DE AMB Y CONTROL VEACONSA SA	VENEZUELA	B  -  SITE MAINTENANCE	(blank)	All Customers	SSA	LA
Y00126	YOUNGWOO DIGITAL	SOUTH KOREA	B  -  SITE MAINTENANCE	(blank)	All Customers	KOR	AP
Y00126	YOUNGWOO DIGITAL	SOUTH KOREA	B  -  SITE MAINTENANCE	(blank)	HYUNDAI MOBIS_HQ	KOR	AP
Y30712	PROYECTOS Y REDES SA DE CV	MEXICO	B  -  SITE MAINTENANCE	(blank)	SCOTIABANK INVE	MEX	LA
Z0014	ZENER ELECTRIC COMPANY	INDIA	B  -  SITE MAINTENANCE	(blank)	All Customers	ISA	AP
Z0014	ZENER ELECTRIC COMPANY	INDIA	B  -  SITE MAINTENANCE	(blank)	BAJAJ ALLIANZ LIFE INSURANCE C	ISA	AP
Z0014	ZENER ELECTRIC COMPANY	INDIA	B  -  SITE MAINTENANCE	(blank)	DELHI INTERNATIONAL AIRPORT LI	ISA	AP
N/A	Livingstone Partners GmbH	Germany	Data Center Asset Management - Livingstone is proforming Software Licnese Management on behalf of IBM	N/A	Multiple Accounts	DACH	Europe / UK
N/A	Rosenberger-OSI GmbH & Co. OHG	Germany	Data Center Asset Management - Receiving and logistic service	N/A	Multiple Accounts	DACH	Europe / DE
N/A	ELOMECH Elektroanlagen GmbH	Germany	Data Center Asset Management - Receiving and logistic service	N/A	Multiple Accounts	DACH	Europe / DE
N/A	VINTIN GmbH	Germany	Data Center Asset Management - Receiving and logistic service	N/A	Multiple Accounts	DACH	Europe / DE, CH
N/A	VINTIN GmbH	switzerland	Data Center Asset Management - Receiving and logistic service	N/A	Multiple Accounts	DACH	Europe / DE, CH
N/A	APLEONA GmbH	Austria	Data Center Asset Management - Receiving and logistic service	N/A	Multiple Accounts	DACH	Europe / AT
N/A	ONIKO AG	switzerland	Data Center Asset Management - HW AM service	N/A	Multiple Accounts	DACH	Europe / CH
N/A	CBRE	Finland	Data Center Asset Management - Inventory capture and logistic	N/A	Multiple Accounts	Nordics	Europe / FI
N/A	Pomery 	United Kindom 	Data Center Asset Management - Invnentory capture, Agency staff 	N/A	Various Accounts and New T& T Accounts (Ventus)	UKI	Europe / UK, IE
N/A	Pomery 	Ireland	Data Center Asset Management - Invnentory capture, Agency staff 	N/A	Various Accounts and New T& T Accounts (Ventus)	UKI	Europe / UK, IE
N/A	Nothern Realisations	United Kindom 	Data Center Asset Management - Invnentory capture	N/A	Defra	UKI	Europe / UK, IE
N/A	Nothern Realisations	Ireland	Data Center Asset Management - Invnentory capture	N/A	Defra	UKI	Europe / UK, IE
N/A	Manpower	United Kindom 	Data Center Asset Management - Agency staff 	N/A	BP	UKI	Europe / UK, IE
N/A	Manpower	Ireland	Data Center Asset Management - Agency staff 	N/A	BP	UKI	Europe / UK, IE
N/A	Adecco	United Kindom 	Data Center Asset Management - Agency staff 	N/A	DEFRA	UKI	Europe / UK, IE
N/A	Adecco	Ireland	Data Center Asset Management - Agency staff 	N/A	DEFRA	UKI	Europe / UK, IE
N/A	AT&T	Global	Data Center Asset Management - Netoworking services	N/A	Multiple Accounts	Global	Global
N/A	Manpower	Japan	Data Center Asset Management - Agency staff 	N/A	Multiple Accounts	Japan	APCJ/ JP
N/A	TDI	Japan	Data Center Asset Management - Agency staff 	N/A	Multiple Accounts	Japan	APCJ/ JP
N/A	MOPMEDIA 	France	Data Center Asset Management - Datacenter services	N/A	Multiple Accounts	France	Europe / FR
N/A	AMAN 		Data Center Asset Management - Inventory capture	N/A	Multiple Accounts	SPGI	Europe / IL
N/A	Maversa		Data Center Asset Management - Inventory capture, Receiving, Labelling	N/A	Multiple Accounts	SPGI	Europe / SP
N/A	Londa	Italy	Data Center Asset Management - Warehouse management	N/A	Multiple Accounts	Italy	Europe / IT
N/A	Colfey		Data Center Asset Management - Receiving and logistic service	N/A	Multiple Accounts	Benelux	Europe / BE
N/A	DSV		Data Center Asset Management - Receiving and logistic service	N/A	Multiple Accounts	Nordics	Europe / SE
N/A	KN-DATA		Data Center Asset Management - Receiving and logistic service	N/A	Multiple Accounts	Nordics	Europe / DK
N/A	Exela Technologies	United States	Data Center Asset Management - Inventory capture, labelling	N/A	Multiple Accounts	US	AG / US
N/A	Duff & Phelps	United States	Data Center Asset Management - Inventory capture, labelling	N/A	Multiple Accounts	US	AG / US
N/A	Duff & Phelps Canada Limited	Canada	Data Center Asset Management - HW AM service and ICL	N/A	Multiple Accounts	CA	AG / CA
N/A	CBRE Ltd, Supplier number 1000044435	Canada	Data Center Asset Management - Receiving	N/A	Multiple Accounts	CA	AG / CA
N/A	AVC	United Kindom 	Data Center Asset Management - Workstation Asset Mgmt Physical Handling	N/A	Multiple Accounts	UKI	Europe / UK
N/A	AVC	Ireland	Data Center Asset Management - Workstation Asset Mgmt Physical Handling	N/A	Multiple Accounts	UKI	Europe / UK
N/A	CeGeKa	Belgium	Data Center Asset Management - Workstation Asset Mgmt Physical Handling	N/A	Multiple Accounts	Benelux	Europe / BE
N/A	CeGeKa	Luxembourg	Data Center Asset Management - Workstation Asset Mgmt Physical Handling	N/A	Multiple Accounts	Benelux	Europe / LU
N/A	Centric	Netherlands	Data Center Asset Management - Workstation Asset Mgmt Physical Handling	N/A	Multiple Accounts	Benelux	Europe / NL
N/A	Infocare AB	Norway	Data Center Asset Management - Workstation Asset Mgmt Physical Handling	N/A	Multiple Accounts	Nordics	Europe / NO
N/A	Infocare AB	Sweden	Data Center Asset Management - Workstation Asset Mgmt Physical Handling	N/A	Multiple Accounts	Nordics	Europe / SE
N/A	Sermicro	Espana	Data Center Asset Management - Workstation Asset Mgmt Physical Handling	N/A	Multiple Accounts	SPGI	Europe / ES
N/A	Infortech	Espana	Data Center Asset Management - Workstation Asset Mgmt Physical Handling	N/A	Multiple Accounts	SPGI	Europe / ES
N/A	Alberman	Espana	Data Center Asset Management - Workstation Asset Mgmt Physical Handling	N/A	Multiple Accounts	SPGI	Europe / ES
N/A	Insa	Espana	Data Center Asset Management - Workstation Asset Mgmt Physical Handling	N/A	Multiple Accounts	SPGI	Europe / ES
N/A	Newcytech	Cyprus	Data Center Asset Management - Workstation Asset Mgmt Physical Handling	N/A	Multiple Accounts	SPGI	Europe / CY
N/A	Softinsa	Portugal	Data Center Asset Management - Workstation Asset Mgmt Physical Handling (DCS  employee)	N/A	Multiple Accounts	SPGI	Europe / PT
N/A	Soitsa	Portugal	Data Center Asset Management - Workstation Asset Mgmt Physical Handling (DCS  employee)	N/A	Multiple Accounts	SPGI	Europe / PT
N/A	Infocare AB	Danemark	Data Center Asset Management - Workstation Asset Mgmt Physical Handling	N/A	Multiple Accounts	Nordics	Europe / DK
N/A	Geodis	Germany	Data Center Asset Management - Warehouse management	N/A	Multiple Accounts	DACH	Europe / DE
N/A	Modis Adecco	Italy	Data Center Asset Management - Workstation Asset Mgmt Physical Handling	N/A	Multiple Accounts	Italy	Europe / IT
N/A	Cofely ? TBC	France	Data Center Asset Management - Workstation Asset Mgmt Physical Handling	N/A	Multiple Accounts	France	Europe / F
N/A	Geodis	United Kindom 	Data Center Asset Management - Warehouse management	N/A	Multiple Accounts	UKI	Europe / EI
N/A	Geodis	Ireland	Data Center Asset Management - Warehouse management	N/A	Multiple Accounts	UKI	Europe / EI
N/A	Infinite Computer Solution	Singapore	Data Center Asset Management - vendor supplies staff to AM for various roles, HW/SW	N/A	NNJA	SG	ASEAN / SG
N/A	Infinite Computer Solution	Singapore	Data Center Asset Management - vendor supplies staff to AM for various roles, HW/SW	N/A	Singhealth	SG	ASEAN / SG
N/A	Opus IT	Singapore	Data Center Asset Management - vendor supplies staff to AM for various roles, HW/SW	N/A	Singhealth	SG	ASEAN / SG
N/A	Nityo Infotech	Singapore	Data Center Asset Management - vendor supplies staff to AM for various roles, HW/SW	N/A	Singhealth, Welspun	SG, AU	ASEAN / SG, AU
N/A	Nityo Infotech	Australia	Data Center Asset Management - vendor supplies staff to AM for various roles, HW/SW	N/A	Singhealth, Welspun	SG, AU	ASEAN / SG, AU
N/A	Adecco Personnel	Singapore	Data Center Asset Management - vendor supplies staff to AM for various roles, HW/SW/Logistic	N/A	SIA/NNJA/GIC/DBS	SG	ASEAN / SG
N/A	Infinite Computer Solution	Singapore	Data Center Asset Management - vendor supplies staff to AM for various roles, HW/SW/Logistic	N/A	SIA	SG	ASEAN / SG
N/A	ACCENT MICRO TECHNOLOGIES INC	Philippines	Data Center Asset Management - Subcontractor provider for our AM Analyst requirements	N/A	Rustans Coffee	PH	ASEAN/PH
N/A	ACCENT MICRO TECHNOLOGIES INC	Philippines	Data Center Asset Management - Subcontractor provider for our AM Analyst requirements	N/A	JFC	PH	ASEAN/PH
N/A	TRANSMAN MANPOWER SERVICES INC	Philippines	Data Center Asset Management - Subcontractor provider for our AM Analyst requirements	N/A	BPI	PH	ASEAN/PH
N/A	TRANSMAN MANPOWER SERVICES INC	Philippines	Data Center Asset Management - Subcontractor provider for our AM Analyst requirements	N/A	BPI	PH	ASEAN/PH
N/A	ACCENT MICRO TECHNOLOGIES INC	Philippines	Data Center Asset Management - Subcontractor provider for our AM Analyst requirements	N/A	BPI	PH	ASEAN/PH
N/A	TRANSMAN MANPOWER SERVICES INC	Philippines	Data Center Asset Management - Subcontractor provider for our AM Analyst requirements	N/A	BPI	PH	ASEAN/PH
N/A	Randstad India Pvt Ltd	India	Data Center Asset Management - Agency staff 	N/A	All Customers	India	APCJ/IN
N/A	Manpower	India	Data Center Asset Management - Agency staff 	N/A	All Customers	India	APCJ/IN
N/A	IMSI India Pvt Ltd	India	Data Center Asset Management - Inventory capture, labelling, Agency staff	N/A	Cisco	India	APCJ/IN
N/A	SuperSeva	India	Data Center Asset Management - Inventory capture, labelling, Agency staff	N/A	TSL, DBS	India, AU	APCJ/IN, AU
N/A	SuperSeva	Australia	Data Center Asset Management - Inventory capture, labelling, Agency staff	N/A	TSL, DBS	India, AU	APCJ/IN, AU
N/A	3i Infotech	India	Data Center Asset Management - Inventory capture, labelling	N/A	All Customers	India, AU	APCJ/IN, AU
N/A	3i Infotech	Australia	Data Center Asset Management - Inventory capture, labelling	N/A	All Customers	India, AU	APCJ/IN, AU
N/A	InfoServices	India	Data Center Asset Management - Inventory capture, labelling	N/A	All Customers	India, AU	APCJ/IN, AU
N/A	InfoServices	Australia	Data Center Asset Management - Inventory capture, labelling	N/A	All Customers	India, AU	APCJ/IN, AU
N/A	Atos	India	Data Center Asset Management - Inventory capture, labelling	N/A	Vodafone	India	APCJ/IN
N/A	Kaizen IT services	India	Data Center Asset Management - Inventory capture, labelling	N/A	TSL, Tata steels	India, AU	APCJ/IN, AU
N/A	Kaizen IT services	Australia	Data Center Asset Management - Inventory capture, labelling	N/A	TSL, Tata steels	India, AU	APCJ/IN, AU
N/A	Collabra	India	Data Center Asset Management - Inventory capture, labelling	N/A	Idea	India, AU	APCJ/IN, AU
N/A	Collabra	Australia	Data Center Asset Management - Inventory capture, labelling	N/A	Idea	India, AU	APCJ/IN, AU
N/A	Thakaral	Bangladesh	Data Center Asset Management - Inventory capture, labelling, Agency staff, AM Services	N/A	Bharti Bangladesh	Bangladesh	APCJ/IN
N/A	TRANSWORLD INTERNATIONAL	India	Data Center Asset Management - logistic	N/A	All Customers	India	APCJ/IN
N/A	Blue Dart	India	Data Center Asset Management - logistic	N/A	All Customers	India	APCJ/IN
N/A	Infinite	India	Data Center Asset Management - Agency staff 	N/A	All Customers	India	APCJ/IN
N/A	Netconnect	India	Data Center Asset Management - Agency staff 	N/A	All Customers	India	APCJ/IN
N/A	Nityo	India	Data Center Asset Management - Inventory capture, labelling	N/A	Welspun	India	APCJ/IN
N/A	GEODIS	CHINA	Data Center Asset Management - logistic	N/A	All Customers	CHINA	APCJ/GCG/CN
N/A	Sunjet Logistics 	CHINA	Data Center Asset Management - logistic/Warehousing	N/A	All Customers	CHINA	APCJ/GCG/CN
N/A	Adecco	CHINA	Data Center Asset Management - Agency staff 	N/A	All Customers	CHINA	APCJ/GCG/CN
N/A	GEODIS	Taiwan	Data Center Asset Management - logistic/Warehousing	N/A	All Customers	Taiwan	APCJ/GCG/TW
N/A	Tung-I	Taiwan	Data Center Asset Management - Agency staff 	N/A	All Customers	Taiwan	APCJ/GCG/TW
N/A	Manpower	Hong Kong	Data Center Asset Management - Agency staff 	N/A	All Customers	Hong Kong	APCJ/GCG/HK
N/A	Asialand	Hong Kong	Data Center Asset Management - w2w physical checking 	N/A	All Customers	Hong Kong	APCJ/GCG/HK
N/A	Magna Infotech	India	Data Center Asset Management - 	N/A	Ashok Leyland	AU	APCJ/ AU
N/A	GEODIS	Global	Data Center Asset Management - logistic	N/A	All Customers	Global	Global
N/A	GEODIS	Global	Data Center Asset Management - logistic	N/A	All Customers	Global	Global
N/A	Large list of shipping companies used by OEM manufacturers: http://w3-workplace.ibm.com/articles/workingknowledge/2009/06/isc_gl_core_logistics_track_a_shipment.html		Data Center Asset Management - shipping	N/A	All Customers	Global	Global
N/A	IBM (China) Co., Ltd.	7F, Building 10, 399 Keyuan Road, Zhangjiang Hi-Tech Park, 201203, Shanghai,  China (PRC)	Data Center Management	N/A	All Customers	China	GCG
N/A	IBM Taiwan Corporation	3F&4F, 7, Song Ren Road, Taipei, , 11073, Taipei,  Taiwan	Data Center Management	N/A	All Customers	Taiwan	GCG
N/A	IBM Taiwan Corporation	3F&4F, 7, Song Ren Road, Taipei, , 11073, Taipei,  Taiwan	Data Center Management	N/A	All Customers	Taiwan	GCG
N/A	IBM Italia S.p.A. - Pakistan Branch	1st and 2nd Floor, Nice Trade Orbit Building, Plot 44-A&B, P.E.C.H.S, Block 6, Shahrah-e-Faisal, , Karachi,  Pakistan	Data Center Management	N/A	All Customers	Pakistan	MEA
N/A	IBM Global Services Is ve Teknoloji Hizmetleri ve Ticaret Limited Sirketi	Yap?; Kredi Plaza, B Blok, Cömert sok,Buyukdere Caddesi, Kat G,1,13,16,18,19,Levent, 34330, Istanbul,  Turkey	Data Center Management	N/A	All Customers	Turkey	MEA
N/A	IBM South Africa (Pty) Ltd	IBM South Africa, 90 Grayston Drive, 2196, Sandton,  South Africa	Data Center Management	N/A	All Customers	South Africa	MEA
N/A	IBM Global Services Is ve Teknoloji Hizmetleri ve Ticaret Limited Sirketi	Yap?; Kredi Plaza, B Blok, Cömert sok,Buyukdere Caddesi, Kat G,1,13,16,18,19,Levent, 34330, Istanbul,  Turkey	Data Center Management	N/A	All Customers	Turkey	MEA
N/A	IBM Israel Limited   	17 Avenue de l Europe, , 92275, Bois-Colombes Cedex,  France	Data Center Management	N/A	All Customers	SPGI	Europe
N/A	Compagnie IBM France, S.A.S.	17 Avenue de l Europe, , 92275, Bois-Colombes Cedex,  France	Data Center Management	N/A	All Customers	France	Europe
N/A	Compagnie IBM France, S.A.S.	17 Avenue de l Europe, , 92275, Bois-Colombes Cedex,  France	Data Center Management	N/A	All Customers	France	Europe
N/A	Compagnie IBM France, S.A.S.	17 Avenue de l Europe, , 92275, Bois-Colombes Cedex,  France	Data Center Management	N/A	All Customers	France	Europe
N/A	Compagnie IBM France, S.A.S.	17 Avenue de l Europe, , 92275, Bois-Colombes Cedex,  France	Data Center Management	N/A	All Customers	France	Europe
N/A	IBM Hellas Information Handling Systems S.A.	17 Avenue de l Europe, , 92275, Bois-Colombes Cedex,  France	Data Center Management	N/A	All Customers	SPGI	Europe
N/A	IBM United Kingdom Limited	P.O. Box 41, North Harbour, PO6 3AU, Portsmouth,  United Kingdom	Data Center Management	N/A	All Customers	UKI	Europe
N/A	IBM Israel Limited   	17 Avenue de l Europe, , 92275, Bois-Colombes Cedex,  France	Data Center Management	N/A	All Customers	SPGI	Europe
N/A	Compagnie IBM France, S.A.S.	17 Avenue de l Europe, , 92275, Bois-Colombes Cedex,  France	Data Center Management	N/A	All Customers	France	Europe
N/A	IBM Schweiz AG - IBM Suisse SA - IBM Svizzera SA - IBM Switzerland Ltd	Vulkanstrasse 106, , 8001, Zürich,  Switzerland	Data Center Management	N/A	All Customers	DACH	Europe
N/A	Companhia IBM Portuguesa, S.A.	Edificio Office Oriente, Rua Mar da China, nº 3, Parque das Nações, 1990-138, Lisbon,  Portugal	Data Center Management	N/A	All Customers	SPGI	Europe
N/A	Companhia IBM Portuguesa, S.A.	Edificio Office Oriente, Rua Mar da China, nº 3, Parque das Nações, 1990-138, Lisbon,  Portugal	Data Center Management	N/A	All Customers	SPGI	Europe
N/A	Compagnie IBM France, S.A.S.	17 Avenue de l Europe, , 92275, Bois-Colombes Cedex,  France	Data Center Management	N/A	All Customers	France	Europe
N/A	Compagnie IBM France, S.A.S.	17 Avenue de l Europe, , 92275, Bois-Colombes Cedex,  France	Data Center Management	N/A	All Customers	France	Europe
N/A	 IBM Global Services España, S.A.	Mar Adriático, 2, 28830 San Fernando de Henares (Madrid)	Data Center Management	N/A	All Customers	SPGI	Europe
N/A	IBM Schweiz AG - IBM Suisse SA - IBM Svizzera SA - IBM Switzerland Ltd	Vulkanstrasse 106, , 8001, Zürich,  Switzerland	Data Center Management	N/A	All Customers	DACH	Europe
N/A	International Business Machines of Belgium sprl/bvba	Avenue Bourget 42, 1130 Brussels,  Belgium	Data Center Management	N/A	All Customers	Benelux	Europe
N/A	IBM Schweiz AG - IBM Suisse SA - IBM Svizzera SA - IBM Switzerland Ltd	Vulkanstrasse 106, , 8001, Zürich,  Switzerland	Data Center Management	N/A	All Customers	DACH	Europe
N/A	Compagnie IBM France, S.A.S.	17 Avenue de l Europe, , 92275, Bois-Colombes Cedex,  France	Data Center Management	N/A	All Customers	France	Europe
N/A	Compagnie IBM France, S.A.S.	17 Avenue de l Europe, , 92275, Bois-Colombes Cedex,  France	Data Center Management	N/A	All Customers	France	Europe
N/A	Compagnie IBM France, S.A.S.	17 Avenue de l Europe, , 92275, Bois-Colombes Cedex,  France	Data Center Management	N/A	All Customers	France	Europe
N/A	 IBM Global Services España, S.A.	Mar Adriático, 2, 28830 San Fernando de Henares (Madrid)	Data Center Management	N/A	All Customers	SPGI	Europe
N/A	Companhia IBM Portuguesa, S.A.	Edificio Office Oriente, Rua Mar da China, nº 3, Parque das Nações, 1990-138, Lisbon,  Portugal	Data Center Management	N/A	All Customers	SPGI	Europe
N/A	 IBM Global Services España, S.A.	Mar Adriático, 2, 28830 San Fernando de Henares (Madrid)	Data Center Management	N/A	All Customers	SPGI	Europe
N/A	IBM Ireland Limited	IBM House, Shelbourne Road, Ballsbridge, , Dublin 4,  Ireland	Data Center Management	N/A	All Customers	UKI	Europe
N/A	IBM United Kingdom Limited	P.O. Box 41, North Harbour, PO6 3AU, Portsmouth,  United Kingdom	Data Center Management	N/A	All Customers	UKI	Europe
N/A	IBM United Kingdom Limited	P.O. Box 41, North Harbour, PO6 3AU, Portsmouth,  United Kingdom	Data Center Management	N/A	All Customers	UKI	Europe
N/A	 IBM Global Services España, S.A.	Mar Adriático, 2, 28830 San Fernando de Henares (Madrid)	Data Center Management	N/A	All Customers	SPGI	Europe
N/A	IBM United Kingdom Limited	P.O. Box 41, North Harbour, PO6 3AU, Portsmouth,  United Kingdom	Data Center Management	N/A	All Customers	UKI	Europe
N/A	International Business Machines of Belgium sprl/bvba	Avenue Bourget 42, 1130 Brussels,  Belgium	Data Center Management	N/A	All Customers	Benelux	Europe
N/A	International Business Machines of Belgium sprl/bvba	Avenue Bourget 42, 1130 Brussels,  Belgium	Data Center Management	N/A	All Customers	Benelux	Europe
N/A	IBM United Kingdom Limited	P.O. Box 41, North Harbour, PO6 3AU, Portsmouth,  United Kingdom	Data Center Management	N/A	All Customers	UKI	Europe
N/A	 IBM Global Services España, S.A.	Mar Adriático, 2, 28830 San Fernando de Henares (Madrid)	Data Center Management	N/A	All Customers	SPGI	Europe
N/A	IBM Romania Srl	Sos. Orhideelor nr. 15D, Cl&#259;direa A   The Bridge, Etaj 5, , Bucure&#537;ti, Sector 6   060071,  Romania	Data Center Management	N/A	All Customers	CEE	EUROPE
N/A	IBM Magyarorszagi Kft.	1117 Budapest, Neumann Janos u.1., , 1117, Budapest,  Hungary	Data Center Management	N/A	All Customers	CEE	EUROPE
N/A	IBM Schweiz AG - IBM Suisse SA - IBM Svizzera SA - IBM Switzerland Ltd	Vulkanstrasse 106, , 8001, Zürich,  Switzerland	Data Center Management 	N/A	All Customers	DACH	Europe
N/A	IBM Schweiz AG - IBM Suisse SA - IBM Svizzera SA - IBM Switzerland Ltd	Vulkanstrasse 106, , 8001, Zürich,  Switzerland	Data Center Management 	N/A	All Customers	DACH	Europe
N/A	IBM Schweiz AG - IBM Suisse SA - IBM Svizzera SA - IBM Switzerland Ltd	Vulkanstrasse 106, , 8001, Zürich,  Switzerland	Data Center Management 	N/A	All Customers	DACH	Europe
N/A	IBM Deutschland GmbH	IBM-Allee 1, , 71139, Ehningen,  Germany	Data Center Management 	N/A	All Customers	DACH	EUROPE
N/A	IBM Deutschland GmbH	IBM-Allee 1, , 71139, Ehningen,  Germany	Data Center Management 	N/A	All Customers	DACH	EUROPE
N/A	IBM Deutschland GmbH	IBM-Allee 1, , 71139, Ehningen,  Germany	Data Center Management 	N/A	All Customers	DACH	EUROPE
N/A	IBM Deutschland GmbH	IBM-Allee 1, , 71139, Ehningen,  Germany	Data Center Management 	N/A	All Customers	DACH	EUROPE
N/A	IBM Danmark ApS	Kongevejen 495 B, , 2840, Holte,  Denmark	Data Center Management 	N/A	All Customers	NORDIC	EUROPE
N/A	Oy IBM Finland Ab	P. O. Box 265, FIN- 00101, , , Helsinki,  Finland	Data Center Management 	N/A	All Customers	NORDIC	EUROPE
N/A	IBM Danmark ApS	Kongevejen 495 B, , 2840, Holte,  Denmark	Data Center Management 	N/A	All Customers	NORDIC	EUROPE
N/A	IBM Svenska Aktiebolag	Kistagaangen 6, Kista, , 164 92 Stockholm,  Sweden	Data Center Management 	N/A	All Customers	NORDIC	EUROPE
N/A	IBM Svenska Aktiebolag	Kistagaangen 6, Kista, , 164 92 Stockholm,  Sweden	Data Center Management 	N/A	All Customers	NORDIC	EUROPE
N/A	IBM ARGENTINA SRL	Argentina, Ing Enrique Butty 275, C1001AFA CABA	Date Center Management	N/A	All Customers	Latin America IMT	LA
N/A	IBM BRASIL-INDUSTRIA MAQUINAS E SERVICOS LIMITADA	Sao Paulo: Brazil, SP, 04007-900, Sao Paulo, Rua Tutoia, 1157	Data Center Management 	N/A	All Customers	Latin America IMT	LA
N/A	IBM BRASIL-INDUSTRIA MAQUINAS E SERVICOS LIMITADA	Sao Paulo: Brazil, SP, 04007-900, Sao Paulo, Rua Tutoia, 1157	Data Center Management 	N/A	All Customers	Latin America IMT	LA
N/A	IBM BRASIL-INDUSTRIA MAQUINAS E SERVICOS LIMITADA	Sao Paulo: Brazil, SP, 04007-900, Sao Paulo, Rua Tutoia, 1157	Data Center Management 	N/A	All Customers	Latin America IMT	LA
N/A	IBM BRASIL-INDUSTRIA MAQUINAS E SERVICOS LIMITADA	Sao Paulo: Brazil, SP, 04007-900, Sao Paulo, Rua Tutoia, 1157	Data Center Management 	N/A	All Customers	Latin America IMT	LA
N/A	IBM BRASIL-INDUSTRIA MAQUINAS E SERVICOS LIMITADA	Sao Paulo: Brazil, SP, 04007-900, Sao Paulo, Rua Tutoia, 1157	Data Center Management 	N/A	All Customers	Latin America IMT	LA
N/A	IBM BRASIL-INDUSTRIA MAQUINAS E SERVICOS LIMITADA	Sao Paulo: Brazil, SP, 04007-900, Sao Paulo, Rua Tutoia, 1157	Data Center Management 	N/A	All Customers	Latin America IMT	LA
N/A	IBM de Chile S.A.C.	Av. Providencia 655 Providencia, Santiago de Chile Código Postal: 7500261	Data Center Management 	N/A	All Customers	Latin America IMT	LA
N/A	IBM de Chile S.A.C.	Av. Providencia 655 Providencia, Santiago de Chile Código Postal: 7500261	Data Center Management 	N/A	All Customers	Latin America IMT	LA
N/A	IBM DE COLOMBIA & CIA S C A 	Carrera 53 # 100-25 - Bogota, Colombia	Data Center Management 	N/A	All Customers	Latin America IMT	LA
N/A	IBM DE COLOMBIA & CIA S C A 	Carrera 53 # 100-25 - Bogota, Colombia	Data Center Management 	N/A	All Customers	Latin America IMT	LA
N/A	IBM DE COLOMBIA & CIA S C A 	Carrera 53 # 100-25 - Bogota, Colombia	Data Center Management 	N/A	All Customers	Latin America IMT	LA
N/A	IBM DE COLOMBIA & CIA S C A 	Carrera 53 # 100-25 - Bogota, Colombia	Data Center Management 	N/A	All Customers	Latin America IMT	LA
N/A	IBM del Ecuador	Diego de Almagro N32-48 y Whimper, Ecuador	Data Center Management 	N/A	All Customers	Latin America IMT	LA
N/A	IBM de México, S. de R.L.	Alfonso Nápoles Gándara 3111, Santa Fe, Zedec Sta Fé, 01219 Ciudad de México, CDMX	Data Center Management 	N/A	All Customers	Latin America IMT	LA
N/A	IBM de México, S. de R.L.	Alfonso Nápoles Gándara 3111, Santa Fe, Zedec Sta Fé, 01219 Ciudad de México, CDMX	Data Center Management 	N/A	All Customers	Latin America IMT	LA
N/A	IBM DEL PERU S A C	AV. JAVIER PRADO ESTE NRO. 6230 URB. LA RIVIERA DE MONTERRICO LIMA - LIMA - LA MOLINA, Peru	Data Center Management 	N/A	All Customers	Latin America IMT	LA
N/A	IBM DEL PERU S A C	AV. JAVIER PRADO ESTE NRO. 6230 URB. LA RIVIERA DE MONTERRICO LIMA - LIMA - LA MOLINA, Peru	Data Center Management 	N/A	All Customers	Latin America IMT	LA
N/A	IBM del Uruguay S.A	Plaza Independencia 721, Montevideo, Uruguay. CP 11000.	Data Center Management 	N/A	All Customers	Latin America IMT	LA
N/A	IBM del Uruguay S.A	Plaza Independencia 721, Montevideo, Uruguay. CP 11000.	Data Center Management 	N/A	All Customers	Latin America IMT	LA
N/A	IBM de Venezuela S.A.	Edificio IBM, Avda. Ernesto Blohm, Chuao - Caracas - Venezuela	Data Center Management 	N/A	All Customers	Latin America IMT	LA
